Security Name	ATR	ATR2	Close	Stop	Ticker Symbol	Location	
ZIWO HOLDINGS LTD.	0.0451	0.0902	0.0810	-0.0092	I9T	C:\ms\sgx2	
ZHONGXIN FRUIT AND JUICE	0.0010	0.0021	0.0570	0.0549	5EG	C:\ms\sgx2	
ZHONGMIN BAIHUI RETAIL GRP LTD	0.0145	0.0291	1.6350	1.6059	5SR	C:\ms\sgx2	
ZAGRO ASIA LIMITED	0.0030	0.0060	0.2650	0.2590	Z01	C:\ms\sgx2	
Z-OBEE HOLDINGS LIMITED	0.0033	0.0065	0.1320	0.1255	D5N	C:\ms\sgx2	
YUEXIU PROPERTY	0.0002	0.0003	0.3300	0.3297	G10	C:\ms\sgx2	
YOUYUE INTERNATIONAL LIMITED	0.0004	0.0008	0.0350	0.0342	Y06	C:\ms\sgx2	
YOUNGONE CORPORATION GDR	0.0000	0.0000	0.0000	0.0000	RQ9	C:\ms\sgx2	
YONGNAM HOLDINGS LIMITED	0.0122	0.0245	0.3400	0.3155	Y02	C:\ms\sgx2	
YONGMAO HOLDINGS LIMITED	0.0028	0.0056	0.1310	0.1254	E6A	C:\ms\sgx2	
YONG XIN INTL HOLDINGS LTD.	0.0033	0.0066	0.0510	0.0444	CX5	C:\ms\sgx2	
YOMA STRATEGIC HOLDINGS LTD	0.0228	0.0455	0.8450	0.7995	Z59	C:\ms\sgx2	
YING LI INTL REAL ESTATE LTD	0.0141	0.0281	0.4800	0.4519	5DM	C:\ms\sgx2	
YHM GROUP LTD	0.0024	0.0047	0.0450	0.0403	5QT	C:\ms\sgx2	
YHI INTERNATIONAL LIMITED	0.0053	0.0106	0.2800	0.2694	Y08	C:\ms\sgx2	
YEO HIAP SENG LTD	0.0819	0.1638	2.8000	2.6362	Y03	C:\ms\sgx2	
YANLORD LAND GROUP LIMITED	0.0345	0.0690	1.4250	1.3560	Z25	C:\ms\sgx2	
YANGZIJIANG SHIPBLDG HLDGS LTD	0.0168	0.0337	0.8800	0.8463	BS6	C:\ms\sgx2	
YANGI FUND	0.0000	0.0000	0.0000	0.0000	R8P	C:\ms\sgx2	
YAMADA GREEN RESOURCES LIMITED	0.0129	0.0258	0.2650	0.2392	MC7	C:\ms\sgx2	
XPRESS HOLDINGS LTD	0.0018	0.0037	0.0420	0.0383	I04	C:\ms\sgx2	
XMH HOLDINGS LTD.	0.0256	0.0513	0.4350	0.3837	M9F	C:\ms\sgx2	
XINREN ALUMINUM HOLDINGS LTD	0.0087	0.0174	0.2800	0.2626	MN5	C:\ms\sgx2	
WORLD PRECISION MACHINERY LTD	0.0043	0.0086	0.4050	0.3964	B49	C:\ms\sgx2	
WING TAI HLDGS LTD	0.0711	0.1423	2.1200	1.9777	W05	C:\ms\sgx2	
WILMAR INTERNATIONAL LIMITED	0.0562	0.1124	3.2600	3.1476	F34	C:\ms\sgx2	
WILLAS-ARRAY ELEC (HLDGS) LTD	0.0033	0.0066	0.1640	0.1574	W12	C:\ms\sgx2	
WHEELOCK PROPERTIES (S) LTD	0.0204	0.0407	1.9450	1.9043	M35	C:\ms\sgx2	
WESTMINSTER TRAVEL LIMITED	0.0000	0.0000	0.1770	0.1770	5OF	C:\ms\sgx2	
WELSPUN CORP LIMITED GDR	0.0000	0.0000	0.0000	0.0000	O5J	C:\ms\sgx2	
WEIYE HOLDINGS LIMITED	0.0019	0.0038	0.0480	0.0442	ON7	C:\ms\sgx2	
WEE HUR HOLDINGS LTD.	0.0115	0.0230	0.4250	0.4020	E3B	C:\ms\sgx2	
WE HOLDINGS LTD	0.0052	0.0104	0.1090	0.0986	5RJ	C:\ms\sgx2	
WBL CORPORATION LIMITED	0.0196	0.0391	4.4500	4.4109	W01	C:\ms\sgx2	
VYAPAR INDUSTRIES LIMITED GDR	0.0000	0.0000	0.0000	0.0000	EH4	C:\ms\sgx2	
VIZ BRANZ LTD	0.0046	0.0092	0.6900	0.6808	L5J	C:\ms\sgx2	
VISESH INFOTECNICS LIMITED	0.0000	0.0000	0.0000	0.0000	EP5	C:\ms\sgx2	
VIKING OFFSHORE AND MARINE LTD	0.0026	0.0052	0.0850	0.0798	557	C:\ms\sgx2	
VICPLAS INTERNATIONAL LTD	0.0011	0.0022	0.0980	0.0958	569	C:\ms\sgx2	
VICOM LTD	0.0301	0.0603	4.7900	4.7297	V01	C:\ms\sgx2	
VIBROPOWER CORPORATION LIMITED	0.0016	0.0031	0.0460	0.0429	535	C:\ms\sgx2	
VGO CORPORATION LIMITED	0.0014	0.0028	0.0660	0.0632	PH0	C:\ms\sgx2	
VENTURE MFG (S) LTD	0.0861	0.1722	7.3200	7.1478	V03	C:\ms\sgx2	
VASHION GROUP LTD	0.0000	0.0000	0.0050	0.0050	5BA	C:\ms\sgx2	
VARD HOLDINGS LTD	0.0313	0.0626	1.1200	1.0574	MS7	C:\ms\sgx2	
VALUETRONICS HOLDINGS LIMITED	0.0039	0.0078	0.2050	0.1972	BN2	C:\ms\sgx2	
VALLIANZ HOLDINGS LTD	0.0025	0.0051	0.0550	0.0499	545	C:\ms\sgx2	
UPP HOLDINGS LIMITED	0.0141	0.0281	0.3300	0.3019	U09	C:\ms\sgx2	
UOL GROUP LIMITED A	0.0000	0.0000	0.0000	0.0000	RX9	C:\ms\sgx2	
UOB-KAY HIAN HOLDINGS LIMITED	0.0149	0.0298	1.6900	1.6602	U10	C:\ms\sgx2	
UOB 5.05%NCPS 100	0.1829	0.3659	102.6000	102.2341	GL8	C:\ms\sgx2	
UNITED SSE 50 CHINA ETF	0.0264	0.0528	1.7800	1.7272	JK8	C:\ms\sgx2	
UNITED OVERSEAS LAND LTD	0.1738	0.3475	6.6900	6.3425	U14	C:\ms\sgx2	
UNITED OVERSEAS INSURANCE LTD	0.0391	0.0783	4.2400	4.1617	U13	C:\ms\sgx2	
UNITED OVERSEAS BANK LTD	0.3366	0.6732	21.4200	20.7468	U11	C:\ms\sgx2	
UNITED OVERSEAS AUSTRALIA LTD	0.0108	0.0216	0.6100	0.5884	EH5	C:\ms\sgx2	
UNITED INTL SECURITIES LTD	0.0059	0.0118	1.1750	1.1632	U07	C:\ms\sgx2	
UNITED INDUSTRIAL CORP LTD	0.0335	0.0670	3.0600	2.9930	U06	C:\ms\sgx2	
UNITED FOOD HOLDINGS LIMITED	0.0011	0.0021	0.0540	0.0519	U01	C:\ms\sgx2	
UNITED FIBER SYSTEM LIMITED	0.0031	0.0062	0.0310	0.0248	P30	C:\ms\sgx2	
UNITED ENVIROTECH LTD	0.0439	0.0878	0.9200	0.8322	U19	C:\ms\sgx2	
UNITED ENGINEERS LTD ORD	0.0451	0.0903	2.8800	2.7897	U04	C:\ms\sgx2	
UNITED ENGINEERS 7.5% CUM PREF	0.0002	0.0004	1.8000	1.7996	U05	C:\ms\sgx2	
UNIONMET (SINGAPORE) LIMITED	0.0027	0.0054	0.0570	0.0516	A6F	C:\ms\sgx2	
UNION STEEL HOLDINGS LIMITED	0.0011	0.0023	0.1100	0.1077	V69	C:\ms\sgx2	
UNIFIED COMMUNICATIONS HLDGLTD	0.0008	0.0017	0.0420	0.0403	U18	C:\ms\sgx2	
UNI-ASIA FINANCE CORPORATION	0.0119	0.0237	0.2350	0.2113	C3T	C:\ms\sgx2	
UMS HOLDINGS LIMITED	0.0113	0.0226	0.4850	0.4624	558	C:\ms\sgx2	
ULTRO TECHNOLOGIES LIMITED	0.0037	0.0074	0.1910	0.1836	Q0X	C:\ms\sgx2	
UE E&C LTD.	0.0166	0.0331	0.7150	0.6819	NI3	C:\ms\sgx2	
TYE SOON LTD	0.0044	0.0088	0.2250	0.2162	T08	C:\ms\sgx2	
TUNG LOK RESTAURANTS 2000 LTD	0.0004	0.0009	0.2000	0.1991	540	C:\ms\sgx2	
TUAN SING HOLDINGS LIMITED	0.0092	0.0184	0.3600	0.3416	T24	C:\ms\sgx2	
TTJ HOLDINGS LIMITED	0.0099	0.0198	0.3050	0.2852	K1Q	C:\ms\sgx2	
TT INTERNATIONAL LIMITED	0.0063	0.0126	0.1680	0.1554	T09	C:\ms\sgx2	
TSIT WING INTL HOLDINGS LTD	0.0003	0.0006	0.2250	0.2244	T26	C:\ms\sgx2	
TSH CORPORATION LIMITED	0.0009	0.0019	0.0880	0.0861	574	C:\ms\sgx2	
TRIYARDS HOLDINGS LIMITED	0.0107	0.0215	0.7350	0.7135	RC5	C:\ms\sgx2	
TRITECH GROUP LIMITED	0.0013	0.0026	0.2350	0.2324	5NL	C:\ms\sgx2	
TREK 2000 INT'L LTD	0.0037	0.0073	0.2200	0.2127	5AB	C:\ms\sgx2	
TRAVELITE HOLDINGS LTD.	0.0009	0.0019	0.1600	0.1581	5KH	C:\ms\sgx2	
TRANSVIEW HOLDINGS LIMITED	0.0005	0.0010	0.1070	0.1060	T19	C:\ms\sgx2	
TRANSPAC INDUSTRIAL HLDGS LTD	0.0433	0.0866	1.9200	1.8334	T55	C:\ms\sgx2	
TRANSIT-MIXED CONCRETE LTD	0.0053	0.0105	0.3300	0.3195	570	C:\ms\sgx2	
TRANSCU GRP LTD	0.0011	0.0022	0.0120	0.0098	E15	C:\ms\sgx2	
TPV TECHNOLOGY LIMITED	0.0052	0.0104	0.3300	0.3196	T18	C:\ms\sgx2	
TOTAL ACCESS COMM PUB CO LTD	0.0539	0.1078	3.9500	3.8422	B2W	C:\ms\sgx2	
TOSEI CORPORATION	0.0000	0.0000	0.0000	0.0000	S2D	C:\ms\sgx2	
TOP GLOBAL LIMITED	0.0007	0.0013	0.0090	0.0077	519	C:\ms\sgx2	
TMC INT'L HOLDINGS LTD	0.0003	0.0005	0.0650	0.0645	586	C:\ms\sgx2	
TIONG WOON CORP HOLDING LTD	0.0114	0.0228	0.3700	0.3472	T06	C:\ms\sgx2	
TIONG SENG HOLDINGS LIMITED	0.0065	0.0131	0.2650	0.2519	K2P	C:\ms\sgx2	
TIGER AIRWAYS HOLDINGS LIMITED	0.0101	0.0202	0.6400	0.6198	J7X	C:\ms\sgx2	
TIGER AIRWAYS HOLDINGS 200	0.0268	0.0536	0.6550	0.6014	S5X	C:\ms\sgx2	
TIANJIN ZHONG XIN PHARM GROUP	0.0366	0.0733	1.2000	1.1267	T14	C:\ms\sgx2	
THE HOUR GLASS LTD	0.0237	0.0474	1.8300	1.7826	E5P	C:\ms\sgx2	
THAKRAL CORPORATION LTD	0.0008	0.0015	0.0320	0.0305	T04	C:\ms\sgx2	
THAI VILLAGE HOLDINGS LTD	0.0013	0.0027	0.1160	0.1133	596	C:\ms\sgx2	
THAI BEVERAGE PUBLIC CO LTD	0.0192	0.0385	0.6550	0.6165	Y92	C:\ms\sgx2	
TEXCHEM-PACK HOLDINGS (S) LTD.	0.0004	0.0008	0.0820	0.0812	AI1	C:\ms\sgx2	
TELEDATA (SINGAPORE) LTD	0.0010	0.0021	0.0140	0.0119	T28	C:\ms\sgx2	
TELECHOICE INTERNATIONAL LTD	0.0058	0.0115	0.2350	0.2235	T41	C:\ms\sgx2	
TEHO INTERNATIONAL INC LTD.	0.0005	0.0011	0.1600	0.1589	5OQ	C:\ms\sgx2	
TEE INTERNATIONAL LIMITED	0.0179	0.0357	0.4400	0.4043	M1Z	C:\ms\sgx2	
TECKWAH INDUSTRIAL CORP LTD	0.0052	0.0103	0.3600	0.3497	561	C:\ms\sgx2	
TECHNICS OIL & GAS LIMITED	0.0164	0.0328	0.8400	0.8072	5CQ	C:\ms\sgx2	
TECHCOMP (HOLDINGS) LIMITED	0.0039	0.0078	0.2600	0.2522	T43	C:\ms\sgx2	
TAT SENG PACKAGING GROUP LTD	0.0049	0.0098	0.2450	0.2352	T12	C:\ms\sgx2	
TAT HONG HOLDINGS LTD	0.0350	0.0701	1.4900	1.4199	T03	C:\ms\sgx2	
TAN CHONG INT'L LTD	0.0260	0.0520	2.4000	2.3480	T15	C:\ms\sgx2	
TAI SIN ELECTRIC CABLES MFGLTD	0.0040	0.0080	0.2950	0.2870	500	C:\ms\sgx2	
TA CORPORATION LTD	0.0084	0.0167	0.3850	0.3683	PA3	C:\ms\sgx2	
SYSMA HOLDINGS LIMITED	0.0027	0.0054	0.2100	0.2046	5UO	C:\ms\sgx2	
SYNEAR FOOD HOLDINGS LIMITED	0.0032	0.0063	0.1800	0.1737	Z75	C:\ms\sgx2	
SWISSCO HOLDINGS LTD	0.0080	0.0159	0.2700	0.2541	5FD	C:\ms\sgx2	
SWING MEDIA	0.0049	0.0097	0.1250	0.1153	O2F	C:\ms\sgx2	
SWIBER HOLDINGS LIMITED	0.0290	0.0580	0.7600	0.7020	AK3	C:\ms\sgx2	
SWEE HONG LIMITED	0.0039	0.0078	0.2750	0.2672	QF6	C:\ms\sgx2	
SURFACE MOUNT TECH (HLDGS) LTD	0.0030	0.0061	0.1710	0.1649	Q7Q	C:\ms\sgx2	
SUPERIOR MULTI-PACKAGING LTD	0.0001	0.0002	0.1410	0.1408	S47	C:\ms\sgx2	
SUPERBOWL HOLDINGS LIMITED	0.0164	0.0328	0.5050	0.4722	S48	C:\ms\sgx2	
SUPER GROUP LTD	0.1244	0.2488	4.7200	4.4712	S10	C:\ms\sgx2	
SUNVIC CHEMICAL HOLDINGS LTD	0.0186	0.0372	0.4600	0.4228	A7S	C:\ms\sgx2	
SUNTEC REAL ESTATE INV TRUST	0.0438	0.0877	1.7250	1.6373	T82U	C:\ms\sgx2	
SUNRIGHT LTD	0.0081	0.0163	0.1000	0.0837	S71	C:\ms\sgx2	
SUNRAY HOLDINGS LIMITED	0.0000	0.0000	0.0080	0.0080	S38	C:\ms\sgx2	
SUNPOWER GROUP LTD.	0.0047	0.0095	0.1800	0.1705	5GD	C:\ms\sgx2	
SUNNINGDALE TECH LTD	0.0023	0.0046	0.1260	0.1214	T35	C:\ms\sgx2	
SUNMOON FOOD COMPANY	0.0002	0.0004	0.0020	0.0016	F06	C:\ms\sgx2	
SUNMART HOLDINGS LIMITED	0.0000	0.0000	0.1150	0.1150	C2J	C:\ms\sgx2	
SUNLIGHT GROUP HLDG LTD	0.0051	0.0103	0.0810	0.0707	5AI	C:\ms\sgx2	
STX PAN OCEAN CO.  LTD.	0.1796	0.3593	3.5300	3.1707	GZ9	C:\ms\sgx2	
STREETTRACKS GOLD SHARES	2.0427	4.0853	136.6300	132.5447	O87	C:\ms\sgx2	
STRATECH SYSTEMS LIMITED	0.0008	0.0016	0.0210	0.0194	S73	C:\ms\sgx2	
STRAITS TRADING CO. LTD	0.0576	0.1152	4.1100	3.9948	S20	C:\ms\sgx2	
Straits Times Index	31.5941	63.1882	3311.3701	3248.1819	0019	C:\ms\sgx2	
STRACO CORPORATION LIMITED	0.0080	0.0161	0.3200	0.3039	S85	C:\ms\sgx2	
STI ETF	0.0330	0.0660	3.3500	3.2840	ES3	C:\ms\sgx2	
STATS CHIPPAC LTD	0.0152	0.0304	0.4050	0.3746	S24	C:\ms\sgx2	
STARLAND HOLDINGS LIMITED	0.0011	0.0023	0.0700	0.0677	5UA	C:\ms\sgx2	
STARHUB LTD	0.1183	0.2365	4.0100	3.7735	CC3	C:\ms\sgx2	
STARHILL GLOBAL REIT	0.0243	0.0487	0.8700	0.8213	P40U	C:\ms\sgx2	
STAR PHARMACEUTICAL LIMITED	0.0023	0.0045	0.0450	0.0405	X64	C:\ms\sgx2	
STAMFORD TYRES CORPORATIONLTD	0.0135	0.0270	0.4500	0.4230	S29	C:\ms\sgx2	
STAMFORD LAND CORPORATION LTD	0.0163	0.0326	0.6200	0.5874	H07	C:\ms\sgx2	
ST. JAMES HOLDINGS LIMITED	0.0004	0.0007	0.0490	0.0483	5NH	C:\ms\sgx2	
SRI TRANG AGRO-INDUSTRY PCL	0.0140	0.0279	0.6300	0.6021	NC2	C:\ms\sgx2	
SPORE SHIPPING CORPORATION LTD	0.0040	0.0079	0.2350	0.2271	S19	C:\ms\sgx2	
SPINDEX INDUSTRIES LIMITED	0.0020	0.0040	0.3400	0.3360	564	C:\ms\sgx2	
SPDRS SPY 10	0.5692	1.1385	166.3300	165.1915	S27	C:\ms\sgx2	
SPDR DJIA ETF TRUST	0.1442	0.2883	147.0400	146.7517	D07	C:\ms\sgx2	
SP CORP LTD	0.0027	0.0054	0.1060	0.1006	S13	C:\ms\sgx2	
SP AusNet	0.0269	0.0537	1.4600	1.4063	X04	C:\ms\sgx2	
SOUTHERN PACKAGING GROUP LTD	0.0013	0.0027	0.1300	0.1273	T77	C:\ms\sgx2	
SOUP REST	0.0016	0.0032	0.1280	0.1248	5KI	C:\ms\sgx2	
SOUND GLOBAL LTD	0.0189	0.0378	0.6300	0.5922	E6E	C:\ms\sgx2	
SOON LIAN HOLDINGS LIMITED	0.0063	0.0127	0.1000	0.0873	5MD	C:\ms\sgx2	
SMRT CORPORATION LTD	0.0160	0.0320	1.4300	1.3980	S53	C:\ms\sgx2	
SMARTFLEX HOLDINGS LTD	0.0003	0.0007	0.0930	0.0923	5RE	C:\ms\sgx2	
SKY ONE LTD	0.0078	0.0156	0.4100	0.3944	5MM	C:\ms\sgx2	
SKY CHINA PETROLEUM SVCS LTD.	0.0024	0.0048	0.0880	0.0832	W81	C:\ms\sgx2	
SITRA HOLDINGS (INTL) LIMITED	0.0037	0.0075	0.0550	0.0475	5LE	C:\ms\sgx2	
SINWA KS LIMITED	0.0029	0.0058	0.1620	0.1562	5CN	C:\ms\sgx2	
SINOTEL TECHNOLOGIES LTD.	0.0047	0.0093	0.0900	0.0807	D3W	C:\ms\sgx2	
SINOSTAR PEC HOLDINGS LIMITED	0.0015	0.0030	0.1000	0.0970	C9Q	C:\ms\sgx2	
SINOPIPE HOLDINGS LIMITED	0.0000	0.0000	0.1300	0.1300	X06	C:\ms\sgx2	
SINOBEST TECHNOLOGY HLDGS LTD.	0.0005	0.0010	0.1500	0.1490	T80	C:\ms\sgx2	
SINO TECHFIBRE LIMITED	0.0000	0.0000	0.0900	0.0900	AD8	C:\ms\sgx2	
SINO GRANDNESS FOOD IND GP LTD	0.0620	0.1240	1.5350	1.4110	JS5	C:\ms\sgx2	
SINO CONSTRUCTION LIMITED	0.0005	0.0009	0.0220	0.0211	F3V	C:\ms\sgx2	
SINGTEL 100	0.0573	0.1147	3.7600	3.6453	Z78	C:\ms\sgx2	
SINGTEL 10	0.0786	0.1573	3.7500	3.5927	Z77	C:\ms\sgx2	
SINGTEL	0.0914	0.1827	3.7500	3.5673	Z74	C:\ms\sgx2	
SINGHAIYI GROUP	0.0016	0.0032	0.0330	0.0298	5CE	C:\ms\sgx2	
SINGAPURA FINANCE LTD	0.0044	0.0089	1.5450	1.5361	S23	C:\ms\sgx2	
SINGAPORE WINDSOR HOLDINGS LTD	0.0009	0.0018	0.1200	0.1182	Y45	C:\ms\sgx2	
SINGAPORE TECH ENGINEERING LTD	0.0920	0.1839	4.0900	3.9061	S63	C:\ms\sgx2	
SINGAPORE REINSURANCE COR LTD	0.0074	0.0148	0.2600	0.2452	S49	C:\ms\sgx2	
SINGAPORE PRESS HOLDGS LTD	0.0778	0.1557	4.2700	4.1143	T39	C:\ms\sgx2	
SINGAPORE POST LIMITED	0.0285	0.0570	1.3100	1.2530	S08	C:\ms\sgx2	
SINGAPORE MEDICAL GROUP LTD	0.0042	0.0085	0.1000	0.0915	5OT	C:\ms\sgx2	
SINGAPORE LAND	0.1092	0.2184	9.0000	8.7816	S30	C:\ms\sgx2	
SINGAPORE INDEX FUND	0.0068	0.0136	2.1300	2.1164	S45U	C:\ms\sgx2	
SINGAPORE EXCHANGE LIMITED	0.1021	0.2041	7.4000	7.1959	S68	C:\ms\sgx2	
SINGAPORE AIRLINES LTD 200	0.0963	0.1927	10.6800	10.4873	C6U	C:\ms\sgx2	
SINGAPORE AIRLINES LTD	0.1337	0.2675	10.7400	10.4725	C6L	C:\ms\sgx2	
SING INVESTMENTS & FINANCE LTD	0.0084	0.0169	1.3800	1.3631	S35	C:\ms\sgx2	
SING HOLDINGS LIMITED	0.0181	0.0361	0.4700	0.4339	5IC	C:\ms\sgx2	
SINCAP GROUP LIMITED	0.0014	0.0028	0.0800	0.0772	5UN	C:\ms\sgx2	
SINARMAS LAND LIMITED	0.0563	0.1126	0.8400	0.7274	A26	C:\ms\sgx2	
SIN HENG HEAVY MACHINERY LTD	0.0089	0.0179	0.2500	0.2321	KF4	C:\ms\sgx2	
SIN GHEE HUAT CORPORATION LTD.	0.0037	0.0075	0.2750	0.2675	B7K	C:\ms\sgx2	
SIM LIAN GROUP LIMITED	0.0172	0.0345	0.8850	0.8505	S05	C:\ms\sgx2	
SILVERLAKE AXIS LTD	0.0223	0.0445	0.7700	0.7255	5CP	C:\ms\sgx2	
SIA ENGINEERING CO LTD	0.0620	0.1240	5.0700	4.9460	S59	C:\ms\sgx2	
SHENG SIONG GROUP LTD	0.0160	0.0320	0.6650	0.6330	OV8	C:\ms\sgx2	
SHC CAPITAL ASIA LIMITED	0.0023	0.0046	0.1300	0.1254	5UE	C:\ms\sgx2	
SHANGRI-LA ASIA LTD	0.1501	0.3002	14.1200	13.8198	S07	C:\ms\sgx2	
SHANGHAI TURBO ENTERPRISES LTD	0.0007	0.0014	0.0950	0.0936	X27	C:\ms\sgx2	
SHANGHAI ASIA HOLDINGS LIMITED	0.0004	0.0007	0.0960	0.0953	T57	C:\ms\sgx2	
SEROJA INVESTMENT LTD	0.0054	0.0108	0.1510	0.1402	IW5	C:\ms\sgx2	
SERIAL SYSTEM LTD	0.0021	0.0042	0.1270	0.1228	S69	C:\ms\sgx2	
SEMBCORP MARINE LTD	0.0815	0.1629	4.3400	4.1771	S51	C:\ms\sgx2	
SEMBCORP INDUSTRIES LTD	0.0722	0.1443	4.8700	4.7257	U96	C:\ms\sgx2	
SELECT CATERING SERVICES LTD	0.0033	0.0066	0.3600	0.3534	5FQ	C:\ms\sgx2	
SEE HUP SENG LIMITED	0.0113	0.0226	0.2900	0.2674	566	C:\ms\sgx2	
SECOND CHANCE PROPERTIES LTD	0.0056	0.0111	0.4350	0.4239	528	C:\ms\sgx2	
SCORPIO EAST HOLDINGS LTD.	0.0077	0.0153	0.0900	0.0747	5HW	C:\ms\sgx2	
SCINTRONIX CORP	0.0010	0.0021	0.0240	0.0219	T20	C:\ms\sgx2	
SC GLOBAL DEV LTD	0.0009	0.0018	1.7950	1.7932	D2S	C:\ms\sgx2	
SBS TRANSIT LTD	0.0173	0.0346	1.4200	1.3854	S61	C:\ms\sgx2	
SBI OFFSHORE LIMITED	0.0003	0.0006	0.1200	0.1194	5PL	C:\ms\sgx2	
SATS LTD	0.0581	0.1163	3.2600	3.1437	S58	C:\ms\sgx2	
SARIN TECHNOLOGIES LTD	0.0404	0.0808	1.4050	1.3242	U77	C:\ms\sgx2	
SAPPHIRE CORPORATION LIMITED	0.0029	0.0059	0.1130	0.1071	NF1	C:\ms\sgx2	
SANTAK HOLDINGS LIMITED	0.0053	0.0107	0.3450	0.3343	580	C:\ms\sgx2	
SAN TEH LIMITED	0.0058	0.0117	0.3150	0.3033	S46	C:\ms\sgx2	
SAMUDERA SHIPPING LINE LTD	0.0054	0.0107	0.1700	0.1593	S56	C:\ms\sgx2	
SAMKO TIMBER LIMITED	0.0022	0.0044	0.1360	0.1316	E6R	C:\ms\sgx2	
SAKAE HOLDINGS LTD	0.0117	0.0234	0.3950	0.3716	5DO	C:\ms\sgx2	
SAIZEN REAL ESTATE INV TRUST	0.0045	0.0090	0.1830	0.1740	DZ8U	C:\ms\sgx2	
SABANA SHARI'AH COMPLIANT REIT	0.0273	0.0547	1.2200	1.1653	M1GU	C:\ms\sgx2	
S I2I LIMITED	0.0011	0.0022	0.0220	0.0198	M09	C:\ms\sgx2	
RYOBI KISO HOLDINGS LTD.	0.0015	0.0030	0.1230	0.1200	J8O	C:\ms\sgx2	
ROXY-PACIFIC HOLDINGS LIMITED	0.0109	0.0218	0.6000	0.5782	E8Z	C:\ms\sgx2	
ROWSLEY LTD	0.0159	0.0317	0.4250	0.3933	A50	C:\ms\sgx2	
ROTARY ENGINEERING LIMITED	0.0176	0.0351	0.4900	0.4549	R07	C:\ms\sgx2	
ROKKO HOLDINGS LTD.	0.0000	0.0001	0.1080	0.1079	5LU	C:\ms\sgx2	
RIVERSTONE HOLDINGS LIMITED	0.0108	0.0216	0.5200	0.4984	AP4	C:\ms\sgx2	
RICKMERS MARITIME	0.0071	0.0142	0.2800	0.2658	B1ZU	C:\ms\sgx2	
RH PETROGAS LIMITED	0.0042	0.0084	0.5000	0.4916	T13	C:\ms\sgx2	
REYPHON AGRICEUTICAL LIMITED	0.0031	0.0062	0.0800	0.0738	CZ3	C:\ms\sgx2	
RENEWABLE ENERGY ASIA GRP LTD	0.0019	0.0039	0.0530	0.0491	5DW	C:\ms\sgx2	
RELIGARE HEALTH TRUST	0.0196	0.0393	0.9500	0.9107	RF1U	C:\ms\sgx2	
RAMBA ENERGY LIMITED	0.0293	0.0587	0.6050	0.5463	R14	C:\ms\sgx2	
RAFFLES MEDICAL GROUP LTD	0.0534	0.1068	3.3100	3.2032	R01	C:\ms\sgx2	
RAFFLES EDUCATION CORP LTD	0.0087	0.0173	0.3250	0.3077	NR7	C:\ms\sgx2	
R H ENERGY LTD.	0.0026	0.0053	0.1600	0.1547	CL7	C:\ms\sgx2	
QINGMEI GROUP HOLDINGS LIMITED	0.0019	0.0037	0.0520	0.0483	KT9	C:\ms\sgx2	
QIAN HU CORPORATION LIMITED	0.0008	0.0016	0.0920	0.0904	552	C:\ms\sgx2	
QAF LTD	0.0224	0.0449	1.0500	1.0051	Q01	C:\ms\sgx2	
Q & M DENTAL GROUP (S) LIMITED	0.0063	0.0125	0.3000	0.2875	QC7	C:\ms\sgx2	
PTERIS GLOBAL LIMITED	0.0019	0.0039	0.1210	0.1171	J74	C:\ms\sgx2	
PT BERLIAN LAJU TANKER TBK	0.0000	0.0000	0.0270	0.0270	B66	C:\ms\sgx2	
PSL HOLDINGS LTD	0.0055	0.0109	0.2200	0.2091	L6T	C:\ms\sgx2	
PRUDENTIAL PLC	0.0006	0.0012	15.4000	15.3988	K6S	C:\ms\sgx2	
PROGEN HOLDINGS LTD	0.0010	0.0021	0.1500	0.1479	583	C:\ms\sgx2	
POWERMATIC DATA SYSTEMS LTD	0.0013	0.0026	0.1560	0.1534	P12	C:\ms\sgx2	
POPULAR HOLDINGS LTD	0.0058	0.0117	0.2900	0.2783	P29	C:\ms\sgx2	
POLLUX PROPERTIES LTD	0.0024	0.0049	0.0820	0.0771	5AE	C:\ms\sgx2	
POLARIS	0.0019	0.0038	0.0280	0.0242	5BI	C:\ms\sgx2	
POH TIONG CHOON LOGISTICS LTD	0.0168	0.0336	0.6000	0.5664	P01	C:\ms\sgx2	
PNE MICRON HOLDINGS LTD	0.0011	0.0022	0.0340	0.0318	5BS	C:\ms\sgx2	
PNE INDUSTRIES LTD	0.0004	0.0007	0.0860	0.0853	P07	C:\ms\sgx2	
PLATO CAPITAL	0.0013	0.0026	0.1930	0.1904	5PI	C:\ms\sgx2	
PLASTOFORM HOLDINGS LIMITED	0.0014	0.0029	0.0380	0.0351	P82	C:\ms\sgx2	
PHARMESIS INTERNATIONAL LTD.	0.0001	0.0001	0.0320	0.0319	P31	C:\ms\sgx2	
PETRA FOODS LIMITED	0.0538	0.1076	4.2000	4.0924	P34	C:\ms\sgx2	
PERTAMA HOLDINGS LIMITED	0.0000	0.0000	0.5200	0.5200	P22	C:\ms\sgx2	
PERENNIAL CHINA RETAIL TRUST	0.0132	0.0263	0.5850	0.5587	N9LU	C:\ms\sgx2	
PEOPLE'S FOOD HOLDINGS LIMITED	0.0495	0.0989	1.2100	1.1111	P05	C:\ms\sgx2	
PENGUIN BOAT INT LTD	0.0021	0.0042	0.0810	0.0768	P13	C:\ms\sgx2	
PEC LTD.	0.0069	0.0137	0.5900	0.5763	IX2	C:\ms\sgx2	
PCI LTD	0.0038	0.0077	0.4150	0.4073	P19	C:\ms\sgx2	
PCA TECHNOLOGY LIMITED	0.0000	0.0001	0.1700	0.1699	P06	C:\ms\sgx2	
PARKWAYLIFE REIT	0.0869	0.1738	2.4900	2.3162	C2PU	C:\ms\sgx2	
PARKSON RETAIL ASIA LIMITED	0.0233	0.0467	1.5950	1.5483	O9E	C:\ms\sgx2	
PAN-UNITED CORPORATION LTD	0.0251	0.0503	0.9800	0.9297	P52	C:\ms\sgx2	
PAN PACIFIC HOTELS GRP LTD	0.0129	0.0259	2.5300	2.5041	H49	C:\ms\sgx2	
PAN HONG PROPERTY GROUP LTD	0.0068	0.0137	0.2400	0.2263	P36	C:\ms\sgx2	
PAN ASIAN WATER SOLUTIONS LTD	0.0008	0.0016	0.0550	0.0534	5EW	C:\ms\sgx2	
PACIFIC HEALTHCARE HLDGS LTD	0.0010	0.0020	0.0770	0.0750	P47	C:\ms\sgx2	
PACIFIC CENTURY REGIONAL DEVTS	0.0090	0.0181	0.2250	0.2069	P15	C:\ms\sgx2	
PACIFIC ANDES (HOLDINGS) LTD	0.0029	0.0057	0.1380	0.1323	P11	C:\ms\sgx2	
P99 HLDGS	0.0043	0.0085	0.0920	0.0835	5UV	C:\ms\sgx2	
OXLEY HOLDINGS LIMITED	0.0126	0.0251	0.3550	0.3299	5UX	C:\ms\sgx2	
OVERSEAS UNION ENTERPRISE LTD	0.0549	0.1099	3.0000	2.8901	LJ3	C:\ms\sgx2	
OVERSEAS EDUCATION LIMITED	0.0180	0.0359	0.7100	0.6741	RQ1	C:\ms\sgx2	
OVERSEA-CHINESE BANKING CORP	0.1855	0.3709	10.3300	9.9591	O39	C:\ms\sgx2	
OUHUA ENERGY HOLDINGS LIMITED	0.0041	0.0082	0.0410	0.0328	AJ2	C:\ms\sgx2	
OTTO MARINE LIMITED	0.0016	0.0032	0.0820	0.0788	G4F	C:\ms\sgx2	
OSSIA INTERNATIONAL LTD	0.0024	0.0047	0.1120	0.1073	O08	C:\ms\sgx2	
OSIM INTERNATIONAL LTD	0.0390	0.0780	2.0200	1.9420	O23	C:\ms\sgx2	
ORIENTAL FOOD (HOLDINGS) LTD.	0.0020	0.0041	0.1430	0.1389	5FI	C:\ms\sgx2	
ONIONTECH LIMITED	0.0002	0.0005	0.0290	0.0285	5HG	C:\ms\sgx2	
OMEGA NAVIGATION ENT INC.	0.0132	0.0264	0.1200	0.0936	O57	C:\ms\sgx2	
OLD CHANG KEE LTD.	0.0068	0.0136	0.5450	0.5314	5ML	C:\ms\sgx2	
OLAM INTERNATIONAL LIMITED	0.0466	0.0932	1.7500	1.6568	O32	C:\ms\sgx2	
OKP HOLDINGS LIMITED	0.0078	0.0157	0.4350	0.4193	5CF	C:\ms\sgx2	
OKH GLOBAL LTD 500	0.0138	0.0275	0.2800	0.2525	S6M	C:\ms\sgx2	
OKH GLOBAL	0.0142	0.0284	0.3100	0.2816	S3N	C:\ms\sgx2	
OGL RESOURCES LIMITED	0.0002	0.0004	0.0380	0.0376	O02	C:\ms\sgx2	
OCI COMPANY LTD GDR R	0.0000	0.0000	0.0000	0.0000	N9I	C:\ms\sgx2	
OCI COMPANY LTD GDR A	0.0000	0.0000	0.0000	0.0000	N9H	C:\ms\sgx2	
OCEANUS GROUP LTD	0.0021	0.0042	0.0490	0.0448	579	C:\ms\sgx2	
OCEAN SKY INTERNATIONAL LTD	0.0027	0.0053	0.2000	0.1947	O05	C:\ms\sgx2	
OCBCCAPCORP(2008) 5.1%NCPS 100	0.1691	0.3382	107.7000	107.3618	GG0	C:\ms\sgx2	
OCBC CAP 3.93%PREF S$400M 2500	0.1220	0.2439	101.3000	101.0561	O31	C:\ms\sgx2	
OCBC BK 5.1%NCPS 100	0.1456	0.2913	103.4800	103.1887	F4B	C:\ms\sgx2	
OCBC 4.2% NCPS	0.0053	0.0106	1.0350	1.0244	O15	C:\ms\sgx2	
OAKWELL ENGINEERING LIMITED	0.0051	0.0102	0.0780	0.0678	584	C:\ms\sgx2	
NTEGRATOR INTERNATIONAL LTD	0.0059	0.0118	0.0890	0.0772	5HC	C:\ms\sgx2	
NSL LTD	0.0133	0.0266	1.4400	1.4134	N02	C:\ms\sgx2	
NOVO GROUP LTD	0.0059	0.0119	0.1690	0.1571	MR8	C:\ms\sgx2	
NORDIC GROUP LIMITED	0.0017	0.0034	0.0800	0.0766	MR7	C:\ms\sgx2	
NOMURA HOLDINGS  INC	0.0000	0.0000	1.9900	1.9900	N33	C:\ms\sgx2	
NOEL GIFTS INTERNATIONAL LTD	0.0022	0.0045	0.2300	0.2255	543	C:\ms\sgx2	
NOBLE GROUP LTD	0.0233	0.0466	1.0400	0.9934	N21	C:\ms\sgx2	
NOBEL DESIGN HOLDINGS LTD	0.0055	0.0111	0.5800	0.5689	547	C:\ms\sgx2	
NIPPECRAFT LIMITED	0.0003	0.0006	0.0420	0.0414	N32	C:\ms\sgx2	
NIKKO AM SINGAPORE STI ETF	0.0302	0.0605	3.3700	3.3095	G3B	C:\ms\sgx2	
NICO STEEL HOLDINGS LIMITED	0.0046	0.0093	0.0930	0.0837	5GF	C:\ms\sgx2	
NH CERAMICS LTD	0.0039	0.0078	0.0840	0.0762	5AC	C:\ms\sgx2	
NEXT-GEN SATELLITE COMM LTD	0.0013	0.0026	0.0120	0.0094	B07	C:\ms\sgx2	
NEW WAVE TECHNOLOGIES LTD	0.0022	0.0043	0.0220	0.0177	5FX	C:\ms\sgx2	
NEW TOYO INT HLDGS LTD	0.0091	0.0181	0.3150	0.2969	N08	C:\ms\sgx2	
NET PACIFIC FIN HLDGS	0.0009	0.0018	0.0430	0.0412	5QY	C:\ms\sgx2	
NERATELECOMMUNICATIONS LTD	0.0146	0.0291	0.6350	0.6059	N01	C:\ms\sgx2	
NEPTUNE ORIENT LINES LTD	0.0185	0.0369	1.1050	1.0681	N03	C:\ms\sgx2	
NEO GROUP LIMITED	0.0188	0.0376	0.4250	0.3874	5UJ	C:\ms\sgx2	
NATURAL COOL HOLDINGS LIMITED	0.0022	0.0044	0.1870	0.1826	5IF	C:\ms\sgx2	
NAM LEE PRESSED METAL INDS LTD	0.0044	0.0088	0.3550	0.3462	G0I	C:\ms\sgx2	
NAM CHEONG LIMITED	0.0112	0.0225	0.2800	0.2575	N4E	C:\ms\sgx2	
MURATA MFG CO. LTD 100	0.0000	0.0000	0.0000	0.0000	M20	C:\ms\sgx2	
MUN SIONG ENGINEERING LIMITED	0.0032	0.0063	0.0850	0.0787	MF6	C:\ms\sgx2	
MULTI-CHEM LIMITED	0.0025	0.0051	0.1340	0.1289	M06	C:\ms\sgx2	
MTQ CORPORATION LTD	0.0503	0.1006	1.5800	1.4794	M05	C:\ms\sgx2	
MOYA ASIA LTD	0.0010	0.0020	0.0410	0.0390	5BT	C:\ms\sgx2	
MOBILEONE LTD	0.1130	0.2260	3.1400	2.9140	B2F	C:\ms\sgx2	
MIYOSHI PRECISION LIMITED	0.0024	0.0049	0.0570	0.0521	M03	C:\ms\sgx2	
MIRACH ENERGY	0.0136	0.0272	0.1480	0.1208	C68	C:\ms\sgx2	
MIDAS HLDGS LIMITED	0.0147	0.0293	0.4950	0.4657	5EN	C:\ms\sgx2	
MICRO-MECHANICS (HOLDINGS) LTD	0.0021	0.0042	0.4500	0.4458	5DD	C:\ms\sgx2	
MFS TECHNOLOGY LTD	0.0050	0.0101	0.1400	0.1299	5BM	C:\ms\sgx2	
MFG INTEGRATION TECHNOLOGY LTD	0.0036	0.0073	0.0760	0.0687	M11	C:\ms\sgx2	
MEWAH INTERNATIONAL INC.	0.0182	0.0364	0.4400	0.4036	MV4	C:\ms\sgx2	
METRO HOLDINGS LIMITED	0.0234	0.0469	0.9500	0.9031	M01	C:\ms\sgx2	
METECH INTERNATIONAL LIMITED	0.0010	0.0019	0.0200	0.0181	QG1	C:\ms\sgx2	
METAX ENGINEERING CORP LIMITED	0.0021	0.0041	0.0770	0.0729	5HV	C:\ms\sgx2	
METAL COMPONENT ENGG LTD	0.0012	0.0025	0.0360	0.0335	5DX	C:\ms\sgx2	
MERMAID MARITIME PUBLIC CO LTD	0.0154	0.0307	0.3700	0.3393	DU4	C:\ms\sgx2	
MERCATOR LINES (SINGAPORE) LTD	0.0026	0.0051	0.1080	0.1029	EE6	C:\ms\sgx2	
MENCAST HOLDINGS LTD.	0.0147	0.0295	0.7200	0.6905	5NF	C:\ms\sgx2	
MEMTECH INTERNATIONAL LTD	0.0010	0.0020	0.0700	0.0680	M26	C:\ms\sgx2	
MEMSTAR TECH	0.0025	0.0050	0.0910	0.0860	5MS	C:\ms\sgx2	
MEGHMANI ORGANICS LIMITED	0.0008	0.0015	0.0700	0.0685	M30	C:\ms\sgx2	
MEGACHEM LIMITED	0.0020	0.0040	0.2950	0.2910	5DS	C:\ms\sgx2	
MEDTECS INTERNATIONAL CORP LTD	0.0033	0.0067	0.0640	0.0573	546	C:\ms\sgx2	
MEDI-FLEX LIMITED	0.0004	0.0009	0.1040	0.1031	5FF	C:\ms\sgx2	
MDR LIMITED	0.0009	0.0017	0.0150	0.0133	A27	C:\ms\sgx2	
MAXI-CASH FIN SVCS CORP LTD	0.0189	0.0377	0.4750	0.4373	5UF	C:\ms\sgx2	
MATEX INTERNATIONAL LIMITED	0.0115	0.0231	0.1460	0.1229	M15	C:\ms\sgx2	
MARY CHIA HOLDINGS LIMITED	0.0020	0.0040	0.0600	0.0560	5OX	C:\ms\sgx2	
MARUWA CO. LTD	0.0000	0.0000	0.0000	0.0000	M12	C:\ms\sgx2	
MARCO POLO MARINE LTD.	0.0064	0.0127	0.4050	0.3923	5LY	C:\ms\sgx2	
MAPLETREE LOGISTICS TRUST	0.0305	0.0610	1.2100	1.1490	M44U	C:\ms\sgx2	
MAPLETREE INDUSTRIAL TRUST	0.0388	0.0776	1.3950	1.3174	ME8U	C:\ms\sgx2	
MAPLETREE GREATER CHINACOMM TR	0.0231	0.0462	1.0150	0.9688	RW0U	C:\ms\sgx2	
MAPLETREE COMMERCIAL TRUST	0.0405	0.0810	1.3350	1.2540	N2IU	C:\ms\sgx2	
MANN SENG METAL INTL LIMITED	0.0015	0.0029	0.0510	0.0481	5QR	C:\ms\sgx2	
MANHATTAN RESOURCES LIMITED	0.0117	0.0235	0.3300	0.3065	L02	C:\ms\sgx2	
MANDARIN ORIENTAL INTL LTD	0.0387	0.0775	1.7300	1.6525	M04	C:\ms\sgx2	
MALAYSIA SMELTING CORP BHD 100	0.0104	0.0209	1.4100	1.3891	NC9	C:\ms\sgx2	
MALACCA TRUST LIMITED	0.0019	0.0038	0.2750	0.2712	5TH	C:\ms\sgx2	
MAGNUS ENERGY GRP LTD	0.0027	0.0054	0.0420	0.0366	576	C:\ms\sgx2	
MACQUARIE INT'L INFRA FUND LTD	0.0210	0.0419	0.1800	0.1381	M41	C:\ms\sgx2	
MACARTHURCOOK PROP SEC FUND	0.0005	0.0011	0.0800	0.0789	A0P	C:\ms\sgx2	
M DEVELOPMENT LTD	0.0003	0.0006	0.0130	0.0124	N14	C:\ms\sgx2	
LYXORETF MSCI EM LATIN AMERICA	0.0540	0.1080	7.0600	6.9520	H1O	C:\ms\sgx2	
LYXOR MSCI TAIWAN INDEX FUND10	0.0021	0.0042	1.0270	1.0228	A9A	C:\ms\sgx2	
LYXOR KOREA 10	0.0162	0.0325	5.0500	5.0175	AO9	C:\ms\sgx2	
LYXOR JAPAN (TOPIX) FUND 10	0.0261	0.0523	1.1200	1.0677	CW4	C:\ms\sgx2	
LYXOR HANG SENG INDEX FUND 10	0.0163	0.0326	2.8700	2.8374	A9B	C:\ms\sgx2	
LYXOR ETF THAI SET 10	0.8187	1.6374	151.9800	150.3426	P2P	C:\ms\sgx2	
LYXOR ETF RUSSIA 10	0.0082	0.0164	3.9200	3.9036	JC7	C:\ms\sgx2	
LYXOR ETF NASDAQ100 10	0.0361	0.0722	12.0100	11.9378	H1Q	C:\ms\sgx2	
LYXOR ETF MSCI WORLD 10	0.0015	0.0031	1.5070	1.5039	H1P	C:\ms\sgx2	
LYXOR ETF MSCI MALAYSIA 10	0.0150	0.0301	10.7900	10.7599	G1M	C:\ms\sgx2	
LYXOR ETF MSCI INDIA 10	0.0780	0.1560	14.1100	13.9540	G1N	C:\ms\sgx2	
LYXOR ETF MSCI EUROPE 10	0.0289	0.0579	13.6500	13.5921	JC5	C:\ms\sgx2	
LYXOR ETF MSCI EMERGING MKT 10	0.0118	0.0237	10.7200	10.6963	H1N	C:\ms\sgx2	
LYXOR ETF MSCI ASIA APEX 50 10	0.0300	0.0600	4.5800	4.5200	G1K	C:\ms\sgx2	
LYXOR ETF INDONESIA 10	0.0528	0.1056	108.3800	108.2744	P2Q	C:\ms\sgx2	
LYXOR ETF EASTERN EUROPE 10	0.0088	0.0176	4.5400	4.5224	H1M	C:\ms\sgx2	
LYXOR ETF DOW JONES IA 10	0.0128	0.0255	15.3000	15.2745	JC6	C:\ms\sgx2	
LYXOR ETF ASIA TECHNOLOGY 10	0.0000	0.0000	25.2900	25.2900	NF4	C:\ms\sgx2	
LYXOR ETF ASIA REAL ESTATE 10	0.1029	0.2058	10.8600	10.6542	MT7	C:\ms\sgx2	
LYXOR ETF ASIA MATERIALS 10	0.0000	0.0000	49.0700	49.0700	NF7	C:\ms\sgx2	
LYXOR ETF ASIA INFRASTRUCT 10	0.0001	0.0001	32.8500	32.8499	NF3	C:\ms\sgx2	
LYXOR ETF ASIA FINANCIALS 10	0.0000	0.0000	26.3100	26.3100	NF5	C:\ms\sgx2	
LYXOR ETF ASIA CON STAP 10	0.0006	0.0011	56.0900	56.0889	NF6	C:\ms\sgx2	
LYXOR COMMODITIES CRBNONENERGY	0.0014	0.0028	2.4200	2.4172	G1O	C:\ms\sgx2	
LYXOR COMMODITIES CRB FUND 10	0.0112	0.0225	2.6500	2.6275	A0W	C:\ms\sgx2	
LYXOR CHINA H 10	0.1488	0.2977	13.7200	13.4223	P58	C:\ms\sgx2	
LYXOR ASIA 10	0.0271	0.0543	4.7000	4.6457	P60	C:\ms\sgx2	
LUZHOU BIO-CHEM TECHNOLOGY LTD	0.0023	0.0046	0.0800	0.0754	L46	C:\ms\sgx2	
LUXKING GROUP HOLDINGS LIMITED	0.0002	0.0004	0.0290	0.0286	L34	C:\ms\sgx2	
LUNG KEE (BERMUDA) HLDGS LTD	0.0000	0.0000	0.4400	0.4400	L09	C:\ms\sgx2	
LUM CHANG HOLDINGS LTD	0.0078	0.0156	0.3550	0.3394	L19	C:\ms\sgx2	
LOYZ ENERGY LIMITED	0.0095	0.0189	0.3400	0.3211	594	C:\ms\sgx2	
LOW KENG HUAT (SINGAPORE) LTD	0.0175	0.0350	0.7550	0.7200	F1E	C:\ms\sgx2	
LOTTVISION LIMITED	0.0017	0.0035	0.0300	0.0265	M22	C:\ms\sgx2	
LORENZO INTERNATIONAL LIMITED	0.0110	0.0220	0.1320	0.1100	5IE	C:\ms\sgx2	
LONZA GROUP LTD	0.0000	0.0000	79.9700	79.9700	O6Z	C:\ms\sgx2	
LONGCHEER HOLDINGS LIMITED	0.0054	0.0108	0.1490	0.1382	L28	C:\ms\sgx2	
LOGISTICS HOLDINGS LIMITED	0.0044	0.0088	0.2150	0.2062	5VI	C:\ms\sgx2	
LIZHONG WHEEL GRP LTD	0.0066	0.0131	0.2300	0.2169	E94	C:\ms\sgx2	
LIPPO-MAPLETREEINDORETAILTRUST	0.0181	0.0363	0.5150	0.4787	D5IU	C:\ms\sgx2	
LIONGOLD CORP LTD	0.0199	0.0397	1.1550	1.1153	A78	C:\ms\sgx2	
LION TECK CHIANG LTD	0.0132	0.0263	0.7200	0.6937	L17	C:\ms\sgx2	
LION ASIAPAC LTD	0.0023	0.0047	0.1800	0.1753	L08	C:\ms\sgx2	
LINDETEVES-JACOBERG LTD	0.0043	0.0085	0.0570	0.0485	L15	C:\ms\sgx2	
LINAIR TECHNOLOGIES LIMITED	0.0006	0.0012	0.0270	0.0258	5FW	C:\ms\sgx2	
LIFEBRANDZ LTD	0.0007	0.0015	0.0090	0.0075	L20	C:\ms\sgx2	
LIBRA GROUP LIMITED	0.0024	0.0047	0.1070	0.1023	5TR	C:\ms\sgx2	
LIANG HUAT ALUMINIUM LTD	0.0010	0.0019	0.0090	0.0071	C4P	C:\ms\sgx2	
LIAN BENG GROUP LTD	0.0154	0.0307	0.5200	0.4893	L03	C:\ms\sgx2	
LI HENG CHEM FIBRE TECH LTD	0.0018	0.0036	0.1300	0.1264	E9A	C:\ms\sgx2	
LHT HOLDINGS LIMITED	0.0054	0.0109	0.1310	0.1201	L10	C:\ms\sgx2	
LERENO BIO-CHEM LTD	0.0004	0.0007	0.0060	0.0053	587	C:\ms\sgx2	
LEE METAL GROUP LTD	0.0072	0.0143	0.3700	0.3557	593	C:\ms\sgx2	
LEE KIM TAH HLDGS LIMITED	0.0054	0.0108	0.7950	0.7842	L25	C:\ms\sgx2	
LEADER ENVIRONMENTAL TECH LTD	0.0022	0.0044	0.0750	0.0706	LS9	C:\ms\sgx2	
LATITUDE TREE INTL GROUP LTD.	0.0023	0.0046	0.1950	0.1904	5OY	C:\ms\sgx2	
LASSETERS INTL HOLDINGS LTD	0.0001	0.0002	0.1700	0.1698	5EL	C:\ms\sgx2	
LANTROVISION	0.0030	0.0061	0.2900	0.2839	Q7W	C:\ms\sgx2	
LANKOM ELECTRONICS LIMITED	0.0000	0.0000	0.0200	0.0200	L22	C:\ms\sgx2	
LAFE TECHNOLOGY LIMITED	0.0024	0.0048	0.0770	0.0722	L05	C:\ms\sgx2	
L.C.DEVELOPMENT LTD	0.0024	0.0048	0.1520	0.1472	L38	C:\ms\sgx2	
KXD DIGITAL ENTERTAINMENT LTD	0.0000	0.0000	0.0100	0.0100	K07	C:\ms\sgx2	
KTL GLOBAL LIMITED	0.0013	0.0026	0.0980	0.0954	EB7	C:\ms\sgx2	
KSH HOLDINGS LIMITED	0.0204	0.0409	0.5750	0.5341	ER0	C:\ms\sgx2	
KS ENERGY SERVICES LIMITED	0.0135	0.0270	0.4050	0.3780	578	C:\ms\sgx2	
KS ENERGY LIMITED 250	0.0032	0.0064	0.4800	0.4736	S2E	C:\ms\sgx2	
KREUZ HOLDINGS LIMITED	0.0404	0.0808	0.7350	0.6542	5RK	C:\ms\sgx2	
KOYO INTERNATIONAL LIMITED	0.0003	0.0006	0.0600	0.0594	5OC	C:\ms\sgx2	
KORI HOLDINGS LIMITED	0.0023	0.0046	0.3800	0.3754	5VC	C:\ms\sgx2	
KOON HOLDINGS LIMITED	0.0031	0.0061	0.2050	0.1989	5DL	C:\ms\sgx2	
KOH BROTHERS GROUP LIMITED	0.0069	0.0138	0.3100	0.2962	K75	C:\ms\sgx2	
KODA LTD	0.0023	0.0045	0.1100	0.1055	5BK	C:\ms\sgx2	
KLW HOLDINGS LTD	0.0016	0.0031	0.0150	0.0119	504	C:\ms\sgx2	
KITCHEN CULTURE HOLDINGS LTD.	0.0014	0.0028	0.2300	0.2272	5TI	C:\ms\sgx2	
KINGSMEN CREATIVES LTD	0.0215	0.0431	0.8900	0.8469	5MZ	C:\ms\sgx2	
KINGBOARD COPPER FOIL HDGS LTD	0.0040	0.0080	0.2000	0.1920	K14	C:\ms\sgx2	
KING WAN CORPORATION LIMITED	0.0124	0.0248	0.3150	0.2902	554	C:\ms\sgx2	
KINERGY LTD.	0.0000	0.0000	0.2450	0.2450	5JT	C:\ms\sgx2	
KIAN HO BEARINGS LTD	0.0062	0.0124	0.2000	0.1876	K22	C:\ms\sgx2	
KHONG GUAN FLOUR MILLING LTD	0.0097	0.0194	2.1500	2.1306	K03	C:\ms\sgx2	
KEPPEL TELE & TRAN	0.0368	0.0736	1.5450	1.4714	K11	C:\ms\sgx2	
KEPPEL REIT 100	0.0442	0.0884	1.4250	1.3366	S2FU	C:\ms\sgx2	
KEPPEL REIT	0.0458	0.0915	1.4200	1.3285	K71U	C:\ms\sgx2	
KEPPEL LAND LTD	0.0860	0.1720	3.7300	3.5580	K17	C:\ms\sgx2	
KEPPEL CORPORATION LIMITED	0.1677	0.3355	10.5200	10.1845	BN4	C:\ms\sgx2	
KEONG HONG HOLDINGS LIMITED	0.0029	0.0058	0.5400	0.5342	5TT	C:\ms\sgx2	
KENCANA AGRI LIMITED	0.0119	0.0238	0.3050	0.2812	F9M	C:\ms\sgx2	
KARUTURI GLOBAL LIMITED GDR	0.0000	0.0000	0.0000	0.0000	MP1	C:\ms\sgx2	
KARIN TECHNOLOGY HLDGS LIMITED	0.0210	0.0419	0.3200	0.2781	K29	C:\ms\sgx2	
K1 VENTURES LIMITED	0.0033	0.0066	0.1670	0.1604	K01	C:\ms\sgx2	
K. S. OILS LIMITED GDR	0.0000	0.0000	0.0000	0.0000	DZ9	C:\ms\sgx2	
K-GREEN TRUST	0.0160	0.0321	1.0700	1.0379	LH4U	C:\ms\sgx2	
JUNMA TYRE CORD COMPANY LTD	0.0008	0.0016	0.1650	0.1634	5TF	C:\ms\sgx2	
JUBILEE INDUSTRIES HLDGS LTD	0.0164	0.0328	0.2350	0.2022	5OS	C:\ms\sgx2	
JOYAS INTERNATIONAL HLDGS LTD	0.0004	0.0008	0.0490	0.0482	E9L	C:\ms\sgx2	
JK TECH HOLDINGS LIMITED	0.0012	0.0023	0.0890	0.0867	5TS	C:\ms\sgx2	
JIUTIAN CHEMICAL GRP LTD	0.0036	0.0073	0.1020	0.0947	C8R	C:\ms\sgx2	
JETS TECHNICS INTL HLDGS LTD	0.0000	0.0000	0.0030	0.0030	J19	C:\ms\sgx2	
JES INTERNATIONAL HOLDINGS LTD	0.0034	0.0069	0.1610	0.1541	EG0	C:\ms\sgx2	
JEP HOLDINGS LTD	0.0008	0.0017	0.0400	0.0383	5FA	C:\ms\sgx2	
JB FOODS LIMITED	0.0169	0.0337	0.4200	0.3863	Q0W	C:\ms\sgx2	
JAYA HOLDINGS LTD	0.0191	0.0383	0.6100	0.5717	J10	C:\ms\sgx2	
JASPER INVESTMENTS LIMITED	0.0014	0.0027	0.0530	0.0503	FQ7	C:\ms\sgx2	
JASON PARQUET HOLDINGS LIMITED	0.0013	0.0025	0.2000	0.1975	5UU	C:\ms\sgx2	
JASON MARINE GROUP LIMITED	0.0036	0.0072	0.1400	0.1328	5PF	C:\ms\sgx2	
JARDINE STRATEGIC HLDGS LTD	0.7229	1.4457	40.1100	38.6643	J37	C:\ms\sgx2	
JARDINE MATHESON HLDGS LTD	1.1861	2.3723	65.7000	63.3277	J36	C:\ms\sgx2	
JARDINE C&C	1.2985	2.5970	46.7500	44.1530	C07	C:\ms\sgx2	
JAPAN FOODS HOLDING LTD.	0.0128	0.0256	0.5200	0.4944	5OI	C:\ms\sgx2	
JADASON ENTERPRISES LTD	0.0012	0.0024	0.0520	0.0496	J03	C:\ms\sgx2	
JACKSPEED CORPORATION LIMITED	0.0030	0.0060	0.0910	0.0850	J17	C:\ms\sgx2	
JACKS INTERNATIONAL LIMITED	0.0011	0.0023	0.0900	0.0877	J11	C:\ms\sgx2	
ITE ELECTRIC CO LTD	0.0010	0.0020	0.0620	0.0600	581	C:\ms\sgx2	
ISHARES USD ASIA HY BOND ETFS$	0.0226	0.0452	14.2900	14.2448	QL3	C:\ms\sgx2	
ISHARES USD ASIA HY BOND ETF	0.0645	0.1290	11.1800	11.0510	O9P	C:\ms\sgx2	
ISHARES USD ASIA BOND ETF S$	0.0104	0.0207	13.5500	13.5293	QL2	C:\ms\sgx2	
ISHARES USD ASIA BOND ETF	0.0734	0.1468	10.6000	10.4532	N6M	C:\ms\sgx2	
ISHARES S&P500 IVV 10	0.3811	0.7623	166.4800	165.7177	I17	C:\ms\sgx2	
ISHARES MSCI SINGAPORE EWS 100	0.0821	0.1643	14.0200	13.8557	I19	C:\ms\sgx2	
ISHARES DJ US TECH IYW 10	0.0312	0.0623	72.7500	72.6877	I21	C:\ms\sgx2	
ISHARES ASIALOC CURBOND ETF S$	0.0052	0.0105	13.4200	13.4095	QL1	C:\ms\sgx2	
ISHARES ASIA LOC CUR BOND ETF	0.0376	0.0752	10.3500	10.2748	N6L	C:\ms\sgx2	
ISHARES ASIA LC1-3YBOND ETF S$	0.0086	0.0171	13.1500	13.1329	QL0	C:\ms\sgx2	
ISHARES ASIA LC 1-3Y BOND ETF	0.0042	0.0083	10.5500	10.5417	O9Q	C:\ms\sgx2	
ISETAN (SINGAPORE) LTD	0.0312	0.0623	4.8000	4.7377	I15	C:\ms\sgx2	
ISDN HOLDINGS LIMITED	0.0327	0.0654	1.0300	0.9646	I07	C:\ms\sgx2	
IS MSCI INDIA 100 S$	0.0379	0.0759	7.9800	7.9041	QK9	C:\ms\sgx2	
IS MSCI INDIA 100	0.1096	0.2192	6.1800	5.9608	I98	C:\ms\sgx2	
IPCO INT'L LIMITED	0.0014	0.0028	0.0280	0.0252	I11	C:\ms\sgx2	
IPC CORPORATION LIMITED	0.0054	0.0108	0.1660	0.1552	I12	C:\ms\sgx2	
INVESTMENT BEVER BUSINESS FUND	0.0000	0.0000	0.0000	0.0000	J0T	C:\ms\sgx2	
INTRACO LTD	0.0130	0.0259	0.6450	0.6191	I06	C:\ms\sgx2	
INTERRA	0.0161	0.0322	0.4700	0.4378	5GI	C:\ms\sgx2	
INTERNET TECHNOLOGY GRP LTD	0.0151	0.0301	0.1410	0.1109	N6H	C:\ms\sgx2	
INTERNATIONAL PRESS SOFTCOM	0.0043	0.0086	0.0440	0.0354	571	C:\ms\sgx2	
INNOVALUES PRECISION LIMITED	0.0018	0.0036	0.1050	0.1014	591	C:\ms\sgx2	
INNOTEK LTD	0.0068	0.0136	0.2900	0.2764	M14	C:\ms\sgx2	
INNO-PACIFIC HOLDINGS LTD	0.0040	0.0079	0.1910	0.1831	I26	C:\ms\sgx2	
INFORMATICS HOLDINGS LTD	0.0027	0.0055	0.0960	0.0905	I03	C:\ms\sgx2	
INFINIO GRP LTD	0.0005	0.0010	0.0040	0.0030	5CS	C:\ms\sgx2	
INDOFOOD AGRI RESOURCES LTD.	0.0240	0.0479	1.0050	0.9571	5JS	C:\ms\sgx2	
INDIABULLS PROPERTIES INVTRUST	0.0013	0.0026	0.1100	0.1074	F3EU	C:\ms\sgx2	
INCH KENNETH KAJANG RUBBER PLC	0.0000	0.0000	0.0000	0.0000	I4R	C:\ms\sgx2	
IHH HEALTHCARE BERHAD	0.0271	0.0543	1.6100	1.5557	Q0F	C:\ms\sgx2	
IFS CAPITAL LTD	0.0073	0.0146	0.5050	0.4904	I49	C:\ms\sgx2	
IEV HOLDINGS LIMITED	0.0143	0.0287	0.4500	0.4213	5TN	C:\ms\sgx2	
ICP LTD	0.0004	0.0009	0.0040	0.0031	536	C:\ms\sgx2	
HYFLUX LTD	0.0245	0.0489	1.3400	1.2911	600	C:\ms\sgx2	
HYFLUX 6% CUM PREF CLASS A 10	0.3105	0.6211	108.3000	107.6789	N2H	C:\ms\sgx2	
HWA HONG CORP LTD	0.0042	0.0083	0.3450	0.3367	H19	C:\ms\sgx2	
HUTCHISON PORT HOLDINGS TRUST	0.0150	0.0301	0.7900	0.7599	NS8U	C:\ms\sgx2	
HUTCHISON PORT HLDGS TRUST S$	0.0149	0.0298	1.0100	0.9802	P7VU	C:\ms\sgx2	
HUPSTEEL LTD	0.0050	0.0099	0.2350	0.2251	H73	C:\ms\sgx2	
HUP SOON GLOBAL CORP LTD	0.0000	0.0000	0.1000	0.1000	5JY	C:\ms\sgx2	
HUAN HSIN HOLDINGS LTD	0.0005	0.0010	0.0470	0.0460	H16	C:\ms\sgx2	
HU AN CABLE HOLDINGS LTD	0.0027	0.0055	0.1100	0.1045	KI3	C:\ms\sgx2	
HTL INT'L HOLDINGS LIMITED	0.0054	0.0108	0.2950	0.2842	H64	C:\ms\sgx2	
HSR GLOBAL LTD	0.0179	0.0358	0.2850	0.2492	502	C:\ms\sgx2	
HOTUNG INVESTMENT HLDGS LTD	0.0017	0.0034	0.1470	0.1436	NT1	C:\ms\sgx2	
HOTEL ROYAL LTD	0.0317	0.0633	3.2800	3.2167	H12	C:\ms\sgx2	
HOTEL PROPERTIES LTD	0.0691	0.1383	3.3100	3.1717	H15	C:\ms\sgx2	
HOTEL GRAND CENTRAL LTD	0.0190	0.0380	1.0800	1.0420	H18	C:\ms\sgx2	
HOSEN GROUP LTD	0.0009	0.0017	0.0740	0.0723	5EV	C:\ms\sgx2	
HOR KEW CORPORATION LIMITED	0.0009	0.0018	0.0640	0.0622	H06	C:\ms\sgx2	
HONGWEI TECHNOLOGIES LIMITED	0.0000	0.0000	0.1850	0.1850	H80	C:\ms\sgx2	
HONGKONG LAND HLDGS LTD	0.1655	0.3310	6.9500	6.6190	H78	C:\ms\sgx2	
HONG LEONG SPORE FINANCE LTD	0.0372	0.0745	2.7200	2.6455	S41	C:\ms\sgx2	
HONG LEONG ASIA LTD	0.0403	0.0807	1.7000	1.6193	H22	C:\ms\sgx2	
HONG FOK CORPORATION LTD	0.0205	0.0410	0.7150	0.6740	H30	C:\ms\sgx2	
HOE LEONG CORPORATION LTD.	0.0015	0.0029	0.1600	0.1571	H20	C:\ms\sgx2	
HOCK LIAN SENG HOLDINGS LTD	0.0038	0.0075	0.2600	0.2525	J2T	C:\ms\sgx2	
HO BEE INVESTMENT LIMITED	0.0559	0.1119	2.0100	1.8981	H13	C:\ms\sgx2	
HLN TECHNOLOGIES LIMITED	0.0047	0.0095	0.2150	0.2055	5HH	C:\ms\sgx2	
HLH GROUP LTD	0.0011	0.0021	0.0240	0.0219	H27	C:\ms\sgx2	
HLG ENTERPRISE LTD	0.0027	0.0055	0.0540	0.0485	L18	C:\ms\sgx2	
HISAKA HOLDINGS LTD.	0.0050	0.0099	0.1880	0.1781	FV2	C:\ms\sgx2	
HIAP TONG CORPORATION LTD.	0.0062	0.0123	0.2400	0.2277	5PO	C:\ms\sgx2	
HIAP SENG ENGINEERING LTD	0.0103	0.0206	0.3150	0.2944	510	C:\ms\sgx2	
HIAP HOE LIMITED	0.0117	0.0234	0.6950	0.6716	5JK	C:\ms\sgx2	
HI-P INTERNATIONAL LIMITED	0.0215	0.0431	0.8450	0.8019	H17	C:\ms\sgx2	
HG METAL MANUFACTURING LTD	0.0018	0.0035	0.0950	0.0915	526	C:\ms\sgx2	
HENGYANG PETROCHEM LOG LIMITED	0.0031	0.0061	0.2600	0.2539	5PD	C:\ms\sgx2	
HENGXIN TECHNOLOGY LTD.	0.0044	0.0088	0.1200	0.1112	I85	C:\ms\sgx2	
HEETON HOLDINGS LIMITED	0.0100	0.0201	0.6900	0.6699	5DP	C:\ms\sgx2	
HEATEC JIETONG HOLDINGS LTD.	0.0006	0.0012	0.0960	0.0948	5OR	C:\ms\sgx2	
HEALTHWAY MEDICAL CORP LTD	0.0035	0.0070	0.1080	0.1010	5NG	C:\ms\sgx2	
HEALTH MANAGEMENT INTL LTD	0.0037	0.0074	0.1220	0.1146	588	C:\ms\sgx2	
HAW PAR CORP LTD	0.1072	0.2144	7.5000	7.2856	H02	C:\ms\sgx2	
HARTAWAN HLD	0.0012	0.0024	0.1320	0.1296	5FU	C:\ms\sgx2	
HANWELL HOLDINGS LIMITED	0.0100	0.0201	0.3050	0.2849	DM0	C:\ms\sgx2	
HANKORE	0.0016	0.0032	0.0440	0.0408	B22	C:\ms\sgx2	
HALCYON AGRI CORPORATION LTD	0.0607	0.1215	0.9900	0.8685	5VJ	C:\ms\sgx2	
HAI LECK HOLDINGS LIMITED	0.0104	0.0209	0.2550	0.2341	GG7	C:\ms\sgx2	
HAFARY HOLDINGS LIMITED	0.0074	0.0149	0.2250	0.2101	5VS	C:\ms\sgx2	
HAFARY HOLDINGS LIMITED	0.0110	0.0220	0.5000	0.4780	5PP	C:\ms\sgx2	
GUTHRIE GTS LTD	0.0113	0.0227	0.7150	0.6923	G33	C:\ms\sgx2	
GUOCOLEISURE LIMITED	0.0201	0.0403	0.8050	0.7647	B16	C:\ms\sgx2	
GUOCOLAND LIMITED	0.0398	0.0797	2.0600	1.9803	F17	C:\ms\sgx2	
GUANGZHAO IND FOREST BIOGRPLTD	0.0000	0.0000	0.0160	0.0160	G21	C:\ms\sgx2	
GSH CORP	0.0034	0.0069	0.0770	0.0701	J16	C:\ms\sgx2	
GRP LTD	0.0139	0.0279	0.2850	0.2571	G18	C:\ms\sgx2	
GREAT GROUP HOLDINGS LIMITED	0.0002	0.0004	0.0700	0.0696	I5H	C:\ms\sgx2	
GREAT EASTERN HLDGS LTD	0.1790	0.3580	18.2700	17.9120	G07	C:\ms\sgx2	
GRAND BANKS YACHTS LTM	0.0105	0.0209	0.3300	0.3091	G50	C:\ms\sgx2	
GP INDUSTRIES LIMITED	0.0082	0.0164	0.5050	0.4886	G20	C:\ms\sgx2	
GP BATTERIES INT LTD	0.0193	0.0386	1.0250	0.9864	G08	C:\ms\sgx2	
GOODPACK LIMITED	0.0276	0.0552	1.6450	1.5898	G05	C:\ms\sgx2	
GOODLAND GROUP LIMITED	0.0092	0.0183	0.3700	0.3517	5PC	C:\ms\sgx2	
GOLDEN OCEAN GROUP LIMITED	0.0000	0.0000	0.8000	0.8000	KU3	C:\ms\sgx2	
GOLDEN AGRI_RESOURCES	0.0124	0.0247	0.5750	0.5503	E5H	C:\ms\sgx2	
GMG GLOBAL LTD	0.0023	0.0046	0.1150	0.1104	5IM	C:\ms\sgx2	
GLOBAL YELLOW PAGES	0.0076	0.0153	0.1190	0.1037	Y07	C:\ms\sgx2	
GLOBAL TESTING CORPORATION LTD	0.0025	0.0049	0.0800	0.0751	G31	C:\ms\sgx2	
GLOBAL TECH (HLDGS) LIMITED	0.0006	0.0012	0.0090	0.0078	G11	C:\ms\sgx2	
GLOBAL PREMIUM HOTELS LIMITED	0.0045	0.0091	0.2600	0.2509	P9J	C:\ms\sgx2	
GLOBAL PALM RESOURCES HLGS LTD	0.0045	0.0090	0.1930	0.1840	K6J	C:\ms\sgx2	
GLOBAL MASTERS FUND	0.0000	0.0000	0.0000	0.0000	CH9	C:\ms\sgx2	
GLOBAL LOGISTIC PROP LIMITED	0.0804	0.1609	2.8200	2.6591	MC0	C:\ms\sgx2	
GLOBAL INVESTMENTS LIMITED	0.0030	0.0061	0.1640	0.1579	B73	C:\ms\sgx2	
GLOBAL INVACOM GROUP LTD	0.0039	0.0079	0.1760	0.1681	QS9	C:\ms\sgx2	
GKE CORP	0.0021	0.0041	0.1440	0.1399	595	C:\ms\sgx2	
GIKEN SAKATA (S) LIMITED	0.0007	0.0014	0.0360	0.0346	542	C:\ms\sgx2	
GEO ENERGY RESOURCES LIMITED	0.0127	0.0254	0.4250	0.3996	RE4	C:\ms\sgx2	
GENTING INT'L PUBLIC LTD CO	0.0299	0.0599	1.4500	1.3901	G13	C:\ms\sgx2	
GENTING HONG KONG LTD	0.0125	0.0249	0.5000	0.4751	S21	C:\ms\sgx2	
GEMS TV HOLDINGS LIMITED	0.0021	0.0041	0.0290	0.0249	AM3	C:\ms\sgx2	
GDS GLOBAL LIMITED	0.0027	0.0054	0.2600	0.2546	5VP	C:\ms\sgx2	
GAYLIN HOLDINGS LIMITED	0.0169	0.0337	0.5850	0.5513	RF7	C:\ms\sgx2	
GALLANT VENTURE LTD.	0.0148	0.0296	0.3450	0.3154	5IG	C:\ms\sgx2	
G K GOH HOLDINGS LTD	0.0184	0.0368	0.8700	0.8332	G41	C:\ms\sgx2	
FUXING CHINA GROUP LIMITED	0.0020	0.0039	0.0450	0.0411	DC9	C:\ms\sgx2	
FUNG CHOI PRNTG & PCKG GRP LTD	0.0017	0.0035	0.1340	0.1305	F11	C:\ms\sgx2	
FULL APEX (HOLDINGS) LIMITED	0.0004	0.0008	0.1000	0.0992	F18	C:\ms\sgx2	
FUJIAN ZHENYUN PLAS IND CO LTD	0.0026	0.0053	0.1670	0.1617	5KT	C:\ms\sgx2	
FUJI OFFSET PLATES MFG LTD	0.0005	0.0010	0.3000	0.2990	508	C:\ms\sgx2	
FU YU MANUFACTURING LTD	0.0030	0.0060	0.0680	0.0620	F13	C:\ms\sgx2	
FTSE ST China Top Index	2.4044	4.8087	210.2100	205.4013	FSTCT	C:\ms\sgx2	
FRENCKEN	0.0018	0.0035	0.2000	0.1965	E28	C:\ms\sgx2	
FREIGHT LINKS EXPRESS HOLDINGS	0.0022	0.0044	0.0920	0.0876	F01	C:\ms\sgx2	
FRASERS COMMERCIAL TRUST CPPU	0.0186	0.0371	1.2500	1.2129	KT8U	C:\ms\sgx2	
FRASERS COMMERCIAL TRUST	0.0430	0.0859	1.4250	1.3391	ND8U	C:\ms\sgx2	
FRASERS CENTREPOINT TRUST	0.0679	0.1358	2.0300	1.8942	J69U	C:\ms\sgx2	
FRASER AND NEAVE  LIMITED	0.1240	0.2480	8.8300	8.5820	F99	C:\ms\sgx2	
FRAGRANCE GROUP LIMITED	0.0056	0.0113	0.2450	0.2337	F31	C:\ms\sgx2	
FORTUNE REAL ESTATE INV TRUST	0.2627	0.5254	7.2100	6.6846	F25U	C:\ms\sgx2	
FORTERRA	0.0407	0.0814	1.9000	1.8186	LG2U	C:\ms\sgx2	
FORELAND FABRICTECH HLDS LTD	0.0017	0.0033	0.0410	0.0377	B0I	C:\ms\sgx2	
FOOD JUNCTION HOLDINGS LIMITED	0.0006	0.0013	0.1830	0.1817	529	C:\ms\sgx2	
FOOD EMPIRE HOLDINGS LIMITED	0.0139	0.0278	0.6800	0.6522	F03	C:\ms\sgx2	
FISCHER TECH LTD	0.0034	0.0068	0.1380	0.1312	F22	C:\ms\sgx2	
FIRST SHIP LEASE TRUST	0.0026	0.0052	0.1230	0.1178	D8DU	C:\ms\sgx2	
FIRST RESOURCES LIMITED	0.0443	0.0885	1.9000	1.8115	EB5	C:\ms\sgx2	
FIRST REAL ESTATE INV TRUST	0.0432	0.0864	1.2950	1.2086	AW9U	C:\ms\sgx2	
FIBRECHEM TECHNOLOGIES LIMITED	0.0000	0.0000	0.1050	0.1050	F12	C:\ms\sgx2	
FIBRECHEM NCPS	0.0000	0.0000	0.1100	0.1100	DK2	C:\ms\sgx2	
FEDERAL INT(2000) LTD	0.0011	0.0023	0.0270	0.0247	F20	C:\ms\sgx2	
FDS NETWORKS GROUP LTD	0.0019	0.0038	0.0150	0.0112	F07	C:\ms\sgx2	
FASTUBE LIMITED	0.0027	0.0055	0.3750	0.3695	5UL	C:\ms\sgx2	
FAR EAST ORCHARD	0.0453	0.0906	2.1500	2.0594	O10	C:\ms\sgx2	
FAR EAST HOSPITALITY TRUST	0.0250	0.0500	1.0250	0.9750	Q5T	C:\ms\sgx2	
FAR EAST GROUP LIMITED	0.0031	0.0062	0.1980	0.1918	5TJ	C:\ms\sgx2	
FALCON ENERGY GRP LTD	0.0123	0.0245	0.3500	0.3255	5FL	C:\ms\sgx2	
FABCHEM CHINA LIMITED	0.0010	0.0019	0.1650	0.1631	I54	C:\ms\sgx2	
F J BENJAMIN HOLDINGS LTD	0.0068	0.0135	0.2600	0.2465	F10	C:\ms\sgx2	
EZRA HOLDINGS LIMITED	0.0264	0.0528	0.9750	0.9222	5DN	C:\ms\sgx2	
EZION HOLDINGS LTD	0.0799	0.1597	2.2800	2.1203	5ME	C:\ms\sgx2	
EXCELPOINT TECHNOLOGY LTD	0.0014	0.0028	0.0880	0.0852	E17	C:\ms\sgx2	
EUROPTRONIC GROUP LTD	0.0034	0.0068	0.0680	0.0612	E23	C:\ms\sgx2	
EUNETWORKS GRP	0.0377	0.0753	0.7800	0.7047	5VT	C:\ms\sgx2	
EUNETWORKS GRP	0.0006	0.0013	0.0150	0.0137	H23	C:\ms\sgx2	
EUCON HOLDING LIMITED	0.0018	0.0035	0.0370	0.0335	E27	C:\ms\sgx2	
EU YAN SANG INTERNATIONAL LTD	0.0268	0.0536	0.7400	0.6864	E02	C:\ms\sgx2	
ETIKA INTERNATIONAL HLDGS LTD	0.0156	0.0311	0.4100	0.3789	5FR	C:\ms\sgx2	
ES GROUP (HOLDINGS) LIMITED	0.0002	0.0004	0.1480	0.1476	5RC	C:\ms\sgx2	
ERATAT LIFESTYLE LTD	0.0039	0.0078	0.1440	0.1362	FO8	C:\ms\sgx2	
EQUATION CORP LIMITED	0.0011	0.0022	0.0180	0.0158	532	C:\ms\sgx2	
EPICENTRE HOLDINGS LIMITED	0.0095	0.0190	0.2100	0.1910	5MQ	C:\ms\sgx2	
ENVIRO-HUB HOLDINGS LTD	0.0031	0.0062	0.0990	0.0928	L23	C:\ms\sgx2	
ENGRO CORPORATION LTD	0.0109	0.0217	1.0000	0.9783	S44	C:\ms\sgx2	
EMS ENERGY LTD	0.0014	0.0028	0.0410	0.0382	5DE	C:\ms\sgx2	
ELLIPSIZ LTD	0.0011	0.0023	0.0870	0.0847	E13	C:\ms\sgx2	
ELITE KSB HOLDINGS LIMITED	0.0039	0.0078	0.2950	0.2872	550	C:\ms\sgx2	
ELEKTROMOTIVE GROUP LIMITED	0.0001	0.0003	0.0030	0.0027	5KX	C:\ms\sgx2	
ELEC & ELTEK INT CO LTD	0.0299	0.0597	2.1700	2.1103	E16	C:\ms\sgx2	
ECS HOLDINGS LIMITED	0.0062	0.0125	0.4950	0.4825	E18	C:\ms\sgx2	
ECOWISE HOLDINGS LIMITED	0.0018	0.0037	0.0800	0.0763	5CT	C:\ms\sgx2	
EASUN REYROLLE LIMITED GDR	0.0000	0.0000	0.0000	0.0000	EM1	C:\ms\sgx2	
EASTGATE TECHNOLOGY LTD	0.0007	0.0013	0.0350	0.0337	N0L	C:\ms\sgx2	
EASTERN HOLDINGS LTD	0.0044	0.0087	0.2150	0.2063	5KU	C:\ms\sgx2	
DYNAMIC COLOURS LIMITED	0.0086	0.0173	0.1980	0.1807	D6U	C:\ms\sgx2	
DYNA-MAC HOLDINGS LTD.	0.0125	0.0250	0.4300	0.4050	NO4	C:\ms\sgx2	
DUTY FREE	0.0070	0.0141	0.3850	0.3709	5SO	C:\ms\sgx2	
DUTECH HOLDINGS LIMITED	0.0006	0.0011	0.1350	0.1339	CZ4	C:\ms\sgx2	
DUKANG DISTILLERS	0.0268	0.0536	0.5500	0.4964	GJ8	C:\ms\sgx2	
DRAGON GROUP INTL LIMITED	0.0027	0.0054	0.1000	0.0946	MT1	C:\ms\sgx2	
DMX TECHNOLOGIES GROUP LTD	0.0079	0.0158	0.2350	0.2192	5CH	C:\ms\sgx2	
DIGILAND INTERNATIONAL LTD	0.0000	0.0000	0.0010	0.0010	G77	C:\ms\sgx2	
DEVOTION ECO-THERMAL LIMITED	0.0028	0.0057	0.1280	0.1223	D08	C:\ms\sgx2	
DESIGN STUDIO FURNITURE MFGLTD	0.0072	0.0143	0.4500	0.4357	D11	C:\ms\sgx2	
DELONG HOLDINGS LIMITED	0.0215	0.0431	0.3850	0.3419	B1N	C:\ms\sgx2	
DEL MONTE PACIFIC LTD	0.0276	0.0551	0.8900	0.8349	D03	C:\ms\sgx2	
DEL MONTE PACIFIC LIMITED 200	0.0237	0.0474	0.9200	0.8726	S2Q	C:\ms\sgx2	
DECLOUT LIMITED	0.0138	0.0277	0.3000	0.2723	5UZ	C:\ms\sgx2	
DEBAO PROPERTY DEVELOPMENT LTD	0.0014	0.0029	0.0700	0.0671	K2M	C:\ms\sgx2	
DBXT USD MONEY MARKET ETF 5	0.0000	0.0000	170.6400	170.6400	IH4	C:\ms\sgx2	
DBXT USD IG INFL TREAS ETF 5	0.1894	0.3789	283.5500	283.1711	KF5	C:\ms\sgx2	
DBXT SORA ETF 5	0.0230	0.0460	107.1500	107.1040	KJ6	C:\ms\sgx2	
DBXT S&P500 ETF 10	0.0675	0.1350	27.1800	27.0450	K6K	C:\ms\sgx2	
DBXT S&P/ASX 200 ETF 10	0.0604	0.1207	40.0800	39.9593	LF1	C:\ms\sgx2	
DBXT S&P CNX NIFTY ETF 10	0.9766	1.9531	109.9900	108.0368	HE0	C:\ms\sgx2	
DBXT S&P 500 SHORT ETF 10	0.2257	0.4514	29.6000	29.1486	HD6	C:\ms\sgx2	
DBXT MSCI WORLD TRN ETF 10	0.0149	0.0298	3.8200	3.7902	J0P	C:\ms\sgx2	
DBXT MSCI USA ETF 10	0.1280	0.2560	40.5200	40.2640	KF8	C:\ms\sgx2	
DBXT MSCI THAILAND TRN ETF 10	0.2470	0.4940	22.5200	22.0260	LG7	C:\ms\sgx2	
DBXT MSCI TAIWAN ETF 10	0.0346	0.0691	19.2800	19.2109	HD7	C:\ms\sgx2	
DBXT MSCI SINGAPORE IM ETF 10	0.0026	0.0053	1.4100	1.4047	O9A	C:\ms\sgx2	
DBXT MSCI RUSSIA CAP 25 ETF 10	0.0233	0.0465	2.9100	2.8635	J0R	C:\ms\sgx2	
DBXT MSCI PHILIPPINES ETF 10	0.0253	0.0506	2.0900	2.0394	N2E	C:\ms\sgx2	
DBXT MSCI PAKISTAN IM ETF 10	0.0150	0.0300	1.6260	1.5960	O9D	C:\ms\sgx2	
DBXT MSCI PACIFIC EXJAP ETF 10	0.0118	0.0236	5.1800	5.1564	J0Q	C:\ms\sgx2	
DBXT MSCI MALAYSIA TRN ETF 10	0.0471	0.0941	15.8400	15.7459	LG6	C:\ms\sgx2	
DBXT MSCI KOREA ETF 10	0.4841	0.9681	57.9800	57.0119	IH2	C:\ms\sgx2	
DBXT MSCI JAPAN TRN ETF 10	0.5676	1.1353	42.4900	41.3547	LF2	C:\ms\sgx2	
DBXT MSCI INDONESIA ETF 10	0.2485	0.4970	16.7600	16.2630	KJ7	C:\ms\sgx2	
DBXT MSCI INDIA TRN ETF 10	0.0745	0.1490	8.9300	8.7810	LG8	C:\ms\sgx2	
DBXT MSCI EUROPE ETF 10	0.1163	0.2326	51.8500	51.6174	IH3	C:\ms\sgx2	
DBXT MSCI EMG MKTS ASIA ETF 10	0.0126	0.0253	3.9000	3.8747	J0N	C:\ms\sgx2	
DBXT MSCI EMERGING MKTS ETF 10	0.0266	0.0532	3.9400	3.8868	J0M	C:\ms\sgx2	
DBXT MSCI CHINA TRN ETF 10	0.0989	0.1979	11.7100	11.5121	LG9	C:\ms\sgx2	
DBXT MSCI BRAZIL TRN ETF 10	0.0354	0.0708	5.2900	5.2192	J0O	C:\ms\sgx2	
DBXT MSCI BANGLADESH IM ETF 10	0.0137	0.0274	0.8750	0.8476	O9C	C:\ms\sgx2	
DBXT MSCI ASIAPAC EXJAP ETF 10	0.0123	0.0245	3.6600	3.6355	O9B	C:\ms\sgx2	
DBXT MSCI ASIA EXJAP HDY ETF10	0.0023	0.0045	1.8860	1.8815	N2F	C:\ms\sgx2	
DBXT MSCI ASIA EX JAPAN ETF 10	0.2131	0.4262	33.0400	32.6138	IH1	C:\ms\sgx2	
DBXT IBOXX US TREAS ETF 5	0.0514	0.1028	208.8600	208.7572	KF7	C:\ms\sgx2	
DBXT IBOXX SOV EURO ETF 5	0.7393	1.4786	249.9100	248.4314	KF6	C:\ms\sgx2	
DBXT IBOXX SINGAPORE ETF 5	0.0187	0.0375	131.6300	131.5925	KV4	C:\ms\sgx2	
DBXT IBOXX KOREA ETF 5	0.0001	0.0002	141.9300	141.9298	KT2	C:\ms\sgx2	
DBXT FTSE VIETNAM ETF 10	0.3605	0.7211	26.2000	25.4789	HD9	C:\ms\sgx2	
DBXT FT/XINHUA CHINA 25 ETF 10	0.3044	0.6087	27.7900	27.1813	HD8	C:\ms\sgx2	
DBXT EONIA TR ETF USD 5	0.0000	0.0000	183.3300	183.3300	KV8	C:\ms\sgx2	
DBXT DJ STOXX GLOB DIV ETF 10	0.0552	0.1104	30.5200	30.4096	KT3	C:\ms\sgx2	
DBXT DJ EURO STOXX 50 ETF 10	0.0880	0.1760	43.1200	42.9440	IH0	C:\ms\sgx2	
DBXT DBLCI-OY BALANCED ETF 5	0.0358	0.0717	35.4300	35.3583	J0S	C:\ms\sgx2	
DBXT DBCBLEB ETF 10	0.0000	0.0000	21.2000	21.2000	L5G	C:\ms\sgx2	
DBXT DBCBDJUBSCI ETF 10	0.0448	0.0896	30.3900	30.3004	L5F	C:\ms\sgx2	
DBXT CSI300 ETF 10	0.1653	0.3305	8.2300	7.8995	KT4	C:\ms\sgx2	
DBXT AUD SSA BONDS ETF 5	0.0547	0.1094	186.9100	186.8006	K6Y	C:\ms\sgx2	
DBXT AUD MONEY MARKET ETF 5	0.0213	0.0425	208.7700	208.7275	KV5	C:\ms\sgx2	
DBXT AUD MM ETF USD 5	0.0000	0.0000	215.8500	215.8500	KV6	C:\ms\sgx2	
DBXT AUD MM ETF SGD 5	0.1503	0.3006	259.9100	259.6094	KV7	C:\ms\sgx2	
DBS S$800M 4.7% NCPS	0.2659	0.5319	107.3200	106.7881	MU7	C:\ms\sgx2	
DBS GROUP HOLDINGS LTD	0.2727	0.5455	17.1600	16.6145	D05	C:\ms\sgx2	
DATAPULSE TECHNOLOGY LIMITED	0.0045	0.0090	0.2000	0.1910	D04	C:\ms\sgx2	
DARCO WATER TECHNOLOGIES LTD	0.0000	0.0000	0.0580	0.0580	5CB	C:\ms\sgx2	
DAPAI INTERNATIONAL	0.0020	0.0040	0.0300	0.0260	FP1	C:\ms\sgx2	
DAIRY FARM INT'L HOLDINGS LTD	0.2281	0.4563	12.8000	12.3437	D01	C:\ms\sgx2	
CWT DISTRIBUTION LIMITED	0.0452	0.0904	1.7000	1.6096	C14	C:\ms\sgx2	
CSE GLOBAL LTD	0.0182	0.0363	0.8600	0.8237	544	C:\ms\sgx2	
CSC HOLDINGS LTD	0.0020	0.0040	0.1050	0.1010	C06	C:\ms\sgx2	
CROESUS RETAIL TRUST	0.0292	0.0584	0.9950	0.9366	S6NU	C:\ms\sgx2	
CREATIVE TECHNOLOGY LTD	0.0487	0.0975	2.5100	2.4125	C76	C:\ms\sgx2	
CRAFT PRINT INTERNATIONAL LTD	0.0006	0.0012	0.0270	0.0258	541	C:\ms\sgx2	
CPH LTD	0.0015	0.0031	0.0160	0.0129	539	C:\ms\sgx2	
COURTS ASIA LIMITED	0.0432	0.0864	1.0800	0.9936	RE2	C:\ms\sgx2	
COURAGE MARINE GROUP LIMITED	0.0015	0.0031	0.0620	0.0589	E91	C:\ms\sgx2	
COUGAR LOGISTICS CORPN LTD	0.0075	0.0150	0.2550	0.2400	F86	C:\ms\sgx2	
COSMOSTEEL HOLDINGS LIMITED	0.0181	0.0362	0.3750	0.3388	B9S	C:\ms\sgx2	
COSCO CORPORATION (S) LTD	0.0134	0.0268	0.7950	0.7682	F83	C:\ms\sgx2	
CORTINA HOLDINGS LIMITED	0.0093	0.0186	0.7800	0.7614	C41	C:\ms\sgx2	
CORDLIFE GROUP LIMITED	0.0608	0.1216	1.1000	0.9784	P8A	C:\ms\sgx2	
CONTEL CORPORATION LIMITED	0.0047	0.0094	0.0880	0.0786	OJ4	C:\ms\sgx2	
CONSCIENCEFOOD HOLDING LIMITED	0.0027	0.0054	0.1850	0.1796	L1D	C:\ms\sgx2	
CONFIDENCE PETROL IND LTD GDR	0.0000	0.0000	0.0000	0.0000	E6B	C:\ms\sgx2	
COMPACT METAL INDUSTRIES LTD	0.0007	0.0014	0.0090	0.0076	C02	C:\ms\sgx2	
COMMUNICATION DESIGN INTL LTD	0.0000	0.0001	0.0420	0.0419	5HT	C:\ms\sgx2	
COMFORTDELGRO CORPORATION LTD	0.0574	0.1147	1.9050	1.7903	C52	C:\ms\sgx2	
COMBINE WILL INTL HLDGS LTD	0.0048	0.0097	0.5700	0.5603	N0Z	C:\ms\sgx2	
COLEX HOLDINGS LIMITED	0.0020	0.0041	0.1440	0.1399	567	C:\ms\sgx2	
COGENT HOLDINGS LIMITED	0.0006	0.0013	0.1480	0.1467	KJ9	C:\ms\sgx2	
CNMC GOLDMINE HOLDINGS LIMITED	0.0087	0.0174	0.3000	0.2826	5TP	C:\ms\sgx2	
CNA GROUP LTD.	0.0117	0.0234	0.1550	0.1316	5GC	C:\ms\sgx2	
CIVMEC LIMITED	0.0304	0.0608	0.9250	0.8642	P9D	C:\ms\sgx2	
CITYSPRING INFRASTRUCT TRUST	0.0092	0.0184	0.4800	0.4616	A7RU	C:\ms\sgx2	
CITYNEON HOLDINGS LIMITED	0.0010	0.0020	0.2500	0.2480	5HJ	C:\ms\sgx2	
CITY DEVELOPMENTS LTD NCCPS	0.0141	0.0281	1.2950	1.2669	C70	C:\ms\sgx2	
CITY DEVELOPMENTS LTD	0.1771	0.3541	10.7800	10.4259	C09	C:\ms\sgx2	
CIMB S&P ASIA PACIFIC DIVIDEND	0.0007	0.0014	1.1440	1.1426	P5P	C:\ms\sgx2	
CIMB S&P ASIA PAC DIVIDEND S$	0.0026	0.0052	1.4300	1.4248	QR9	C:\ms\sgx2	
CIMB FTSEASEAN40 100	0.0590	0.1179	12.0200	11.9021	M62	C:\ms\sgx2	
CIMB FT ASEAN 40 100 S$	0.0868	0.1736	14.5900	14.4164	QS0	C:\ms\sgx2	
CHUAN HUP HOLDINGS LIMITED	0.0088	0.0176	0.2650	0.2474	C33	C:\ms\sgx2	
CHOSEN HOLDINGS LIMITED	0.0043	0.0087	0.1200	0.1113	C10	C:\ms\sgx2	
CHIP ENG SENG CORPORATION LTD	0.0201	0.0402	0.7550	0.7148	C29	C:\ms\sgx2	
CHINESE GLOBAL INVESTORS GRP	0.0006	0.0012	0.0230	0.0218	5CJ	C:\ms\sgx2	
CHINAVISION MEDIA GRP LIMITED	0.0000	0.0000	0.3300	0.3300	S91	C:\ms\sgx2	
CHINASING INVESTMENT HLDG LTD	0.0004	0.0008	0.0470	0.0462	O2R	C:\ms\sgx2	
CHINA YUANBANG PROP HLDGS LTD	0.0074	0.0148	0.1340	0.1192	B2X	C:\ms\sgx2	
CHINA YONGSHENG	0.0017	0.0034	0.0190	0.0156	5KK	C:\ms\sgx2	
CHINA XLX FERTILISER LTD.	0.0156	0.0311	0.4100	0.3789	B9R	C:\ms\sgx2	
CHINA TAISAN TECH GRP HLDGSLTD	0.0014	0.0027	0.0420	0.0393	F2X	C:\ms\sgx2	
CHINA SUNSINE CHEM HLDGS LTD.	0.0025	0.0050	0.2300	0.2250	CH8	C:\ms\sgx2	
CHINA SUN BIOCHEM TECH GP CO.	0.0000	0.0000	0.0550	0.0550	C86	C:\ms\sgx2	
CHINA SPORTS	0.0046	0.0091	0.0310	0.0219	FQ8	C:\ms\sgx2	
CHINA SKY CHEM FIBRE CO.  LTD.	0.0000	0.0000	0.1020	0.1020	E90	C:\ms\sgx2	
CHINA PRINT POWER GROUP LTD	0.0070	0.0141	0.2500	0.2359	B3C	C:\ms\sgx2	
CHINA POWERPLUS	0.0030	0.0061	0.0380	0.0319	Z02	C:\ms\sgx2	
CHINA PAPER HOLDINGS LIMITED	0.0011	0.0021	0.0330	0.0309	C71	C:\ms\sgx2	
CHINA OILFIELD TEC SVCS GRPLTD	0.0011	0.0023	0.0400	0.0377	DT2	C:\ms\sgx2	
CHINA NEW TOWN DEVT CO LIMITED	0.0045	0.0089	0.1080	0.0991	D4N	C:\ms\sgx2	
CHINA MINZHONG FOOD CORP LTD	0.0350	0.0700	1.0300	0.9600	K2N	C:\ms\sgx2	
CHINA MINING	0.0017	0.0034	0.0440	0.0406	Y34	C:\ms\sgx2	
CHINA MILK PRODUCTS GROUP LTD	0.0000	0.0000	0.2400	0.2400	G86	C:\ms\sgx2	
CHINA MERCHANTS SHEKOU HLDGSCO	0.0030	0.0060	23.0000	22.9940	C03	C:\ms\sgx2	
CHINA MERCHANTS HLDGS(PACIFIC)	0.0119	0.0238	0.8950	0.8712	C22	C:\ms\sgx2	
CHINA KUNDA TECH HOLDINGS LTD	0.0007	0.0014	0.0320	0.0306	GU5	C:\ms\sgx2	
CHINA KANGDA FOOD COMPANY LTD	0.0001	0.0002	0.0670	0.0668	P74	C:\ms\sgx2	
CHINA JISHAN HOLDINGS LTD	0.0006	0.0012	0.0780	0.0768	J18	C:\ms\sgx2	
CHINA INFRASTRUCTURE HLDGS LTD	0.0014	0.0028	0.0380	0.0352	C37	C:\ms\sgx2	
CHINA HONGXING SPORTS LIMITED	0.0000	0.0000	0.1150	0.1150	BR9	C:\ms\sgx2	
CHINA HONGCHENG HOLDINGS LTD	0.0001	0.0002	0.0290	0.0288	C0Z	C:\ms\sgx2	
CHINA HAIDA LTD	0.0009	0.0019	0.0350	0.0331	C92	C:\ms\sgx2	
CHINA GREAT LAND HOLDINGS LTD.	0.0000	0.0000	0.0180	0.0180	D50	C:\ms\sgx2	
CHINA GAOXIAN FIBREFAB HLDGLTD	0.0000	0.0000	0.1900	0.1900	I4U	C:\ms\sgx2	
CHINA FLEXIBLE PACK HLDG LTD	0.0096	0.0192	0.0460	0.0268	C59	C:\ms\sgx2	
CHINA FISHERY GROUP LIMITED	0.0098	0.0195	0.3900	0.3705	B0Z	C:\ms\sgx2	
CHINA FIBRETECH LTD.	0.0014	0.0028	0.0430	0.0402	F6D	C:\ms\sgx2	
CHINA ESSENCE GROUP LTD.	0.0014	0.0027	0.0290	0.0263	G54	C:\ms\sgx2	
CHINA ENVIRONMENTAL RES GP LTD	0.0008	0.0015	0.0410	0.0395	RS1	C:\ms\sgx2	
CHINA ENVIROMENT LTD	0.0016	0.0032	0.0850	0.0818	5OU	C:\ms\sgx2	
CHINA ENERGY LIMITED	0.0037	0.0074	0.0710	0.0636	A0G	C:\ms\sgx2	
CHINA DAIRY GROUP LTD	0.0036	0.0072	0.1100	0.1028	T16	C:\ms\sgx2	
CHINA BEARING (SINGAPORE) LTD.	0.0028	0.0057	0.0520	0.0463	AD7	C:\ms\sgx2	
CHINA AVIATION OIL(S) CORP LTD	0.0257	0.0515	0.9550	0.9035	G92	C:\ms\sgx2	
CHINA AUTO ELECTRONICS	0.0058	0.0116	0.0530	0.0414	T42	C:\ms\sgx2	
CHINA ANIMAL HEALTHCARE LTD	0.0053	0.0106	0.3100	0.2994	EP4	C:\ms\sgx2	
CHEW'S GROUP LIMITED	0.0085	0.0169	0.2550	0.2381	5SY	C:\ms\sgx2	
CHEUNG WOH TECHNOLOGIES LTD	0.0007	0.0015	0.1410	0.1395	C50	C:\ms\sgx2	
CHEMOIL ENERGY LIMITED	0.0041	0.0082	0.3500	0.3418	AV5	C:\ms\sgx2	
CHEMICAL INDUSTRIES (F.E.) LTD	0.0050	0.0101	0.4200	0.4099	C05	C:\ms\sgx2	
CHASWOOD RESOURCES HLDGS LTD	0.0044	0.0088	0.2300	0.2212	5TW	C:\ms\sgx2	
CHASEN HOLDINGS LIMITED	0.0065	0.0130	0.2850	0.2720	5NV	C:\ms\sgx2	
CHANGTIAN PLASTIC & CHEM LTD	0.0017	0.0035	0.0470	0.0435	D2V	C:\ms\sgx2	
CHANGJIANG FERTILIZER HLGS LTD	0.0030	0.0060	0.1200	0.1140	JA9	C:\ms\sgx2	
CHALLENGER TECHNOLOGIES LTD	0.0074	0.0149	0.4950	0.4801	573	C:\ms\sgx2	
CH OFFSHORE LTD	0.0072	0.0144	0.4500	0.4356	C13	C:\ms\sgx2	
CFM HOLDINGS LIMITED	0.0002	0.0005	0.0900	0.0895	5EB	C:\ms\sgx2	
CENTURION CORPORATION LIMITED	0.0196	0.0392	0.3500	0.3108	OU8	C:\ms\sgx2	
CELESTIAL NUTRIFOODS LIMITED	0.0000	0.0000	0.1700	0.1700	C56	C:\ms\sgx2	
CEI CONTRACT MFG LTD	0.0021	0.0043	0.1050	0.1007	C11	C:\ms\sgx2	
CEFC INTERNATIONAL LTD	0.0013	0.0026	0.0500	0.0474	Y35	C:\ms\sgx2	
CEDAR STRATEGIC HOLDINGS LTD	0.0012	0.0024	0.0100	0.0076	530	C:\ms\sgx2	
CDW HOLDING LIMITED	0.0027	0.0054	0.1440	0.1386	D38	C:\ms\sgx2	
CDL HOSPITALITY TRUSTS	0.0440	0.0879	1.8400	1.7521	J85	C:\ms\sgx2	
CCM GROUP LIMITED	0.0034	0.0067	0.1020	0.0953	5QZ	C:\ms\sgx2	
CCFH LTD	0.0017	0.0034	0.0420	0.0386	5RF	C:\ms\sgx2	
CASA HOLDINGS LIMITED	0.0052	0.0104	0.1700	0.1596	C04	C:\ms\sgx2	
CAPITARETAIL CHINA TRUST	0.0426	0.0852	1.5650	1.4798	AU8U	C:\ms\sgx2	
CAPITAMALLS ASIA LIMITED	0.0439	0.0877	1.9200	1.8323	JS8	C:\ms\sgx2	
CAPITAMALL TRUST	0.0606	0.1211	2.1500	2.0289	C38U	C:\ms\sgx2	
CAPITALAND LIMITED	0.0710	0.1421	3.4600	3.3179	C31	C:\ms\sgx2	
CAPITACOMMERCIAL TRUST	0.0386	0.0773	1.5200	1.4427	C61U	C:\ms\sgx2	
CAMBRIDGE INDUSTRIAL TRUST	0.0324	0.0648	0.7600	0.6952	J91U	C:\ms\sgx2	
CACOLA FURNITURE INTL LIMITED	0.0022	0.0043	0.0370	0.0327	D2U	C:\ms\sgx2	
CACHE LOGISTICS TRUST	0.0380	0.0761	1.2900	1.2139	K2LU	C:\ms\sgx2	
C&G INDUSTRIAL HOLDINGS LTD	0.0026	0.0053	0.1000	0.0947	D79	C:\ms\sgx2	
BUND CENTER INVESTMENT LTD	0.0227	0.0455	0.2800	0.2345	MQ4	C:\ms\sgx2	
BUMITAMA AGRI LTD.	0.0141	0.0282	1.0200	0.9918	P8Z	C:\ms\sgx2	
BUKIT SEMBAWANG ESTATES LTD	0.0681	0.1363	6.6800	6.5437	B61	C:\ms\sgx2	
BROADWAY INDUSTRIAL GROUP LTD	0.0092	0.0184	0.3050	0.2866	B69	C:\ms\sgx2	
BRITISH & MALAYAN TRUSTEES LTD	0.0065	0.0130	4.9000	4.8870	B08	C:\ms\sgx2	
BRIGHT ORIENT (HOLDING) LTD	0.0000	0.0000	0.0400	0.0400	5DT	C:\ms\sgx2	
BREADTALK GROUP LIMITED	0.0249	0.0499	0.9450	0.8951	5DA	C:\ms\sgx2	
BRC ASIA LIMITED	0.0081	0.0162	0.2050	0.1888	B03	C:\ms\sgx2	
BOUSTEAD SINGAPORE LIMITED	0.0391	0.0781	1.3550	1.2769	F9D	C:\ms\sgx2	
BONVESTS HOLDINGS LTD	0.0207	0.0414	1.1600	1.1186	B28	C:\ms\sgx2	
BOMBAY RAYON FASHIONS LTD GDR	0.0000	0.0000	0.0000	0.0000	J0I	C:\ms\sgx2	
BOARDROOM LIMITED	0.0060	0.0121	0.6100	0.5979	B10	C:\ms\sgx2	
BLUMONT GROUP LTD	0.0355	0.0709	1.0600	0.9891	A33	C:\ms\sgx2	
BIOSENSORS INT'L GROUP  LTD.	0.0282	0.0563	1.1950	1.1387	B20	C:\ms\sgx2	
BH GLOBAL MARINE LIMITED	0.0026	0.0051	0.1570	0.1519	B32	C:\ms\sgx2	
BEST WORLD INTERNATIONAL LTD	0.0061	0.0122	0.2100	0.1978	5ER	C:\ms\sgx2	
BERGER INTERNATIONAL LIMITED	0.0026	0.0053	0.1280	0.1227	B64	C:\ms\sgx2	
BENG KUANG MARINE	0.0052	0.0104	0.1200	0.1096	5MC	C:\ms\sgx2	
BBR HOLDING LTD	0.0083	0.0167	0.2900	0.2733	KJ5	C:\ms\sgx2	
BANYAN TREE HOLDINGS LIMITED	0.0275	0.0549	0.7600	0.7051	B58	C:\ms\sgx2	
BAN LEONG TECHNOLOGIES LIMITED	0.0077	0.0153	0.1900	0.1747	B26	C:\ms\sgx2	
BAKER TECHNOLOGY LTD	0.0094	0.0189	0.3000	0.2811	568	C:\ms\sgx2	
AZTECH SYSTEMS LTD	0.0022	0.0044	0.0950	0.0906	560	C:\ms\sgx2	
AZEUS SYSTEMS HOLDINGS LTD.	0.0032	0.0064	0.1150	0.1086	A69	C:\ms\sgx2	
AVJENNINGS HOMES LTD	0.0144	0.0287	0.4400	0.4113	A05	C:\ms\sgx2	
AVIC INTL INVESTMENTS LIMITED	0.0047	0.0093	0.2300	0.2207	O2I	C:\ms\sgx2	
AVI-TECH ELECTRONICS LIMITED	0.0008	0.0017	0.0700	0.0683	CT1	C:\ms\sgx2	
AUTRON CORPORATION LIMITED	0.0000	0.0000	0.0000	0.0000	P1R	C:\ms\sgx2	
AUSSINO GROUP LTD	0.0149	0.0298	0.1310	0.1012	A15	C:\ms\sgx2	
AUSGROUP LIMITED	0.0187	0.0373	0.3950	0.3577	5GJ	C:\ms\sgx2	
AURIC PACIFIC GROUP LIMITED	0.0198	0.0397	1.2500	1.2103	A23	C:\ms\sgx2	
ASTI HOLDINGS LTD	0.0010	0.0020	0.0690	0.0670	575	C:\ms\sgx2	
ASPIAL CORPORATION LIMITED	0.0083	0.0167	0.4150	0.3983	A30	C:\ms\sgx2	
ASL MARINE HOLDINGS LTD	0.0079	0.0159	0.6650	0.6491	A04	C:\ms\sgx2	
ASJ HOLDINGS LTD	0.0018	0.0035	0.0530	0.0495	538	C:\ms\sgx2	
ASIATRAVEL.COM HOLDINGS LTD	0.0048	0.0097	0.1960	0.1863	5AM	C:\ms\sgx2	
ASIATIC GROUP (HOLDINGS) LTD	0.0052	0.0105	0.1110	0.1005	5CR	C:\ms\sgx2	
ASIASONS WFG FINANCIAL LTD	0.0025	0.0051	0.2000	0.1949	5EC	C:\ms\sgx2	
ASIASONS CAPITAL LTD	0.0102	0.0205	0.9750	0.9545	5ET	C:\ms\sgx2	
ASIAN MICRO HOLDINGS LTD	0.0028	0.0056	0.0330	0.0274	585	C:\ms\sgx2	
ASIAMEDIC LIMITED	0.0036	0.0071	0.0960	0.0889	505	C:\ms\sgx2	
ASIA-PACIFIC STRATEGIC INV LTD	0.0158	0.0317	0.2500	0.2183	5RA	C:\ms\sgx2	
ASIA WATER TECHNOLOGY LTD.	0.0024	0.0048	0.0800	0.0752	5GB	C:\ms\sgx2	
ASIA POWER CORP LTD	0.0034	0.0069	0.0880	0.0811	A03	C:\ms\sgx2	
ASIA FASHION HOLDING	0.0016	0.0032	0.0280	0.0248	GH3	C:\ms\sgx2	
ASIA ENTERPRISES HOLDING LTD	0.0020	0.0041	0.2300	0.2259	A55	C:\ms\sgx2	
ASCOTT RESIDENCE TRUST	0.0317	0.0634	1.3450	1.2816	A68U	C:\ms\sgx2	
ASCENDAS REAL ESTATE INV TRUST	0.0731	0.1462	2.3200	2.1738	A17U	C:\ms\sgx2	
ASCENDAS INDIA TRUST	0.0157	0.0314	0.7600	0.7286	CY6U	C:\ms\sgx2	
ASCENDAS HOSPITALITY TRUST	0.0166	0.0331	0.8950	0.8619	Q1P	C:\ms\sgx2	
ARTIVISION TECHNOLOGIES LTD.	0.0050	0.0100	0.1760	0.1660	5NK	C:\ms\sgx2	
ARMSTRONG INDUSTRIAL CORP LTD	0.0101	0.0203	0.3500	0.3297	A14	C:\ms\sgx2	
ARMARDA GROUP LIMITED	0.0015	0.0029	0.0200	0.0171	5EK	C:\ms\sgx2	
ARA ASSET MANAGEMENT LIMITED10	0.0155	0.0310	1.8900	1.8590	RX6	C:\ms\sgx2	
ARA ASSET MANAGEMENT LIMITED	0.0371	0.0741	1.9500	1.8759	D1R	C:\ms\sgx2	
AP OIL INTERNATIONAL LIMITED	0.0009	0.0019	0.1850	0.1831	5AU	C:\ms\sgx2	
ANWELL TECHNOLOGIES LIMITED	0.0165	0.0330	0.1330	0.1000	G5X	C:\ms\sgx2	
ANNICA HOLDINGS	0.0013	0.0026	0.0260	0.0234	5AL	C:\ms\sgx2	
ANNAIK LIMITED	0.0010	0.0019	0.1050	0.1031	A52	C:\ms\sgx2	
ANCHUN INTERNATIONAL HLDGS LTD	0.0054	0.0109	0.0920	0.0811	MF5	C:\ms\sgx2	
AMTEK ENGINEERING LTD	0.0140	0.0280	0.4800	0.4520	M1P	C:\ms\sgx2	
AMPLEFIELD LIMITED	0.0041	0.0082	0.0510	0.0428	C60	C:\ms\sgx2	
AMARA HOLDINGS LTD	0.0174	0.0349	0.6200	0.5851	A34	C:\ms\sgx2	
ALLIED TECHNOLOGY LTD	0.0005	0.0010	0.0420	0.0410	A13	C:\ms\sgx2	
ALBEDO LIMITED	0.0013	0.0026	0.0140	0.0114	5IB	C:\ms\sgx2	
AIMS AMP CAP INDUSTRIAL REIT	0.0552	0.1104	1.6450	1.5346	O5RU	C:\ms\sgx2	
AEM-EVERTECH HOLDINGS LTD	0.0011	0.0023	0.0910	0.0887	A10	C:\ms\sgx2	
AEI CORPORATION LTD	0.0025	0.0051	0.1430	0.1379	A18	C:\ms\sgx2	
ADVENTUS HOLDINGS LTD	0.0010	0.0020	0.0270	0.0250	5EF	C:\ms\sgx2	
ADVANCED SYSTEMS AUTOMATION	0.0008	0.0015	0.0160	0.0145	5TY	C:\ms\sgx2	
ADVANCED HOLDINGS LTD.	0.0093	0.0186	0.2650	0.2464	5IA	C:\ms\sgx2	
ADVANCE SCT LIMITED	0.0013	0.0025	0.0130	0.0105	5FH	C:\ms\sgx2	
ADV INTEGRATED MFG CORP LTD	0.0040	0.0081	0.1000	0.0919	A54	C:\ms\sgx2	
ADDVALUE TECHNOLOGIES LTD	0.0014	0.0027	0.0720	0.0693	A31	C:\ms\sgx2	
ACTION ASIA LIMITED	0.0046	0.0092	0.1550	0.1458	A59	C:\ms\sgx2	
ACMA LTD	0.0020	0.0040	0.0390	0.0350	A01	C:\ms\sgx2	
ACHIEVA LIMITED	0.0018	0.0036	0.0550	0.0514	A02	C:\ms\sgx2	
ACE ACHIEVE INFOCOM LIMITED	0.0012	0.0024	0.0480	0.0456	A75	C:\ms\sgx2	
ACCENTIA TECHNOLOGIES LTD GDR	0.0000	0.0000	0.0000	0.0000	E8Q	C:\ms\sgx2	
ABTERRA LTD	0.0323	0.0646	0.7300	0.6654	L5I	C:\ms\sgx2	
ABR HOLDINGS LIMITED	0.0122	0.0244	0.7800	0.7556	533	C:\ms\sgx2	
ABF SPORE BOND INDEX FUND ETF	0.0087	0.0174	1.1900	1.1726	A35	C:\ms\sgx2	
AA GROUP HOLDINGS LTD.	0.0004	0.0008	0.0350	0.0342	5GZ	C:\ms\sgx2	
A-SONIC AEROSPACE LIMITED	0.0063	0.0127	0.0600	0.0473	A53	C:\ms\sgx2	
8TELECOM	0.0018	0.0037	0.1350	0.1313	E25	C:\ms\sgx2	
800 SUPER HOLDINGS LIMITED	0.0008	0.0016	0.1930	0.1914	5TG	C:\ms\sgx2	
.STRAITS TIME IDX	31.5941	63.1882	3311.3701	3248.1819	STI	C:\ms\sgx2	
.FTSE ST Maritime	3.3393	6.6786	246.3200	239.6414	FTSTAM	C:\ms\sgx2	
.FTSE ST Catalist Index	15.3178	30.6357	1130.6000	1099.9642	FTSTICA	C:\ms\sgx2	
.FT ST UTILITIES	11.0446	22.0892	437.6900	415.6008	FTUT	C:\ms\sgx2	
.FT ST TELECOMMU	21.9185	43.8371	981.0300	937.1929	FTTE	C:\ms\sgx2	
.FT ST TECHNOLOGY	7.9716	15.9432	547.6700	531.7268	FTTC	C:\ms\sgx2	
.FT ST SMALL CAP	7.2903	14.5807	594.2300	579.6493	FTSC	C:\ms\sgx2	
.FT ST RE ESTATE	10.2384	20.4768	780.4900	760.0132	FTRE	C:\ms\sgx2	
.FT ST RE EST H&D	10.8099	21.6199	776.2800	754.6602	FTEHD	C:\ms\sgx2	
.FT ST RE ES IN T	12.3925	24.7849	800.7500	775.9651	FTEI	C:\ms\sgx2	
.FT ST OIL&GAS	8.7747	17.5493	717.8000	700.2507	FTOG	C:\ms\sgx2	
.FT ST MID CAP	9.0005	18.0010	793.2100	775.2090	FTMC	C:\ms\sgx2	
.FT ST INDUSTRIAL	9.6921	19.3842	856.2300	836.8458	FTID	C:\ms\sgx2	
.FT ST HLTH CARE	16.9582	33.9163	1408.3800	1374.4637	FTHC	C:\ms\sgx2	
.FT ST FLEDGLING	6.3230	12.6461	859.2800	846.6340	FTFL	C:\ms\sgx2	
.FT ST FINANCIAL	9.0566	18.1133	848.5100	830.3967	FTFI	C:\ms\sgx2	
.FT ST CONS GOODS	7.4184	14.8369	513.8000	498.9631	FTCG	C:\ms\sgx2	
.FT ST CON SERV	11.4712	22.9424	865.5000	842.5576	FTCS	C:\ms\sgx2	
.FT ST CHINA	3.0737	6.1473	239.4200	233.2727	FTCH	C:\ms\sgx2	
.FT ST BAS MAT	4.6257	9.2514	209.4500	200.1986	FTBM	C:\ms\sgx2	
.FT ST ALL SHARE	7.4592	14.9184	813.1500	798.2316	FTAS	C:\ms\sgx2	
